gehen-lassen	in Ruhe lassen	6460	
sauig	unsittlich	6510	
Piensche	verwöhnter Mensch	6110	
um-ändern	verändern	9800	MEHRDEUTIG (2 Treffer) - erster Treffer gewaehlt (Band 6, Kennung -, Zeile 8668); 1 weitere Kandidat(en) ignoriert
putzen	von Flecken reinigen (Kleider)	5932	
ein-nehmen	für sich einnehmen, einen günstigen Eindruck auf jemand machen	7020	
fort	immerzu, ununterbrochen, ohne Ende	9400	
Trumm, Trummen	großes Bündel, großer Ballen	9220	
Werk-axt	Holzaxt	7520	
Kavalier	modisch gekleideter Herr	5140	
Rot-käppchen	Birkenpilz (Boletus rufus Schaeff)	3510	
Strängel	Katharrh mit Husten und Schleimaussonderung bei Pferden	4112	
Zahn	Kau-, Beißwerkzeug im Mund von Lebewesen	5360	
Konferenz-zimmer	Zimmer, in dem die Lehrer beraten	8400	
bausen	durch Schlagen, Stoßen eine Beule machen	9800	
Klein-beere	eine Art Weinbeeren	7470	
um-gehen	mit jemanden verkehren, Umgang haben	7010	
unter-bringen	eine gesicherte Position, Arbeitsstelle verschaffen	7500	
schlaudern	schleudern	9800	MEHRDEUTIG (2 Treffer) - erster Treffer gewaehlt (Band 5, Kennung 1a, Zeile 11410); 1 weitere Kandidat(en) ignoriert
Doppel-hochzeit	die gleichzeitige Heirat zweier Geschwister	7321	
pfeffern	mit Pfeffer würzen	7740	
Tropfs-bier	Bier, das nach dem Einschenken vom Hahn abtropft	5920	
Schnäke	wer wählerisch ist beim Aussuchen eines Ehepartners	6110	
fahren	sich mit einem Fahrzeug fortbewegen	7820	
häuseln	im Haus herumwirtschaften, aufräumen	7780	
Neujahr(s)-woche	erste Januarwoche	9600	
Stink-blume	Ringelblume (Calendula officinalis)	3800	
ge-mütlich	umgänglich	6280	
schwafen	schwafeln	7210	
Umschlag-tuch	Tuch, das als Frauenkleidung um Rücken und Brust geschlungen wird	5934	
Suppen-wasser	Wasser zur Suppenbereitung	5910	
brr	Aufforderung zum Halten für Ochsen	7403	
friesen	Entwässerungsgräben ziehen; Wiesen durch Stauen unter Wasser setzen	7900	
mulbig, mülbig	schäbig, schlampig (von der Bekleidung)	5932	
aus-treten	seine Notdurft verrichten	5340	
Sünden-schande	Unrecht, Fehler	6520	"eindeutig ueber Volltext ""(RA) Unrecht, Fehler"" (fuehrender Klammerzusatz entfernt)"
Rispen-gräsel	Riedgras (Carex stricta)	3600	
unter-würfig	übertrieben untertänig, speichelleckerisch	6280	
schlecken	gern Leckereien essen, naschen	5910	
ab-säckeln	aus dem Sack locken, abgewinnen	7390	
Brei-maul	von einem geschwätzigen Mund	6110	
aus-tupfen	tupfend leer machen	5520	
herum-knozen	an jemand (an etwas) herumdrücken	5520	
Ober-schule	die oberen Jahrgänge der Volksschule	8400	
Babel, Bäbel	dünner Straßenkot	7810	MEHRDEUTIG (7 Treffer) - erster Treffer gewaehlt (Band 1, Kennung '1, '1, Zeile 6041); 6 weitere Kandidat(en) ignoriert
Grund-eis	Eis am Boden eines Gewässers	2600	
Kreuz	in Kreuzform errichteter Garbenhaufen	7440	
um-springen	behandeln, umgehen	7020	
Hepe, Häpe, Hippe	großes, schlechtes Messer	7530	
Kaffee-kanne	Henkeltopf, in dem man Kaffee auf die Arbeitsstätte mitnimmt	7735	MEHRDEUTIG (2 Treffer) - erster Treffer gewaehlt (Band 4, Kennung 2, Zeile 98); 1 weitere Kandidat(en) ignoriert
Trupp-metzger	Metzger, der Schweine wagenweise schlachtet	7565	
Stein-pilz	eine blaue, dünne Pflaume	3120	
Bruder-leipzig	für Bruderherz	7351	"eindeutig ueber Volltext ""(sch) für Bruderherz"" (fuehrender Klammerzusatz entfernt)"
Pfarr-kind	Glied der Pfarrgemeinde	8820	
Sudel	Sumpfgelände	2700	
Wäsche-leine	dickere Schnur an der die zu trocknende Wäsche aufgehängt wird	7770	
Lauter-spring	die Quelle der Lauter	8140	
um-wärgeln	auf die andere Seite wälzen	9800	
Grundbirn(en)-brühe	beliebte Mittagssuppe aus Kartoffeln	5911	
Trocken-schnitzel	trockenes Mischfutter	7450	
Milch-süffer	wer viel Milch trinkt	5920	
Saiter-maul	speicheltriefender Mund	5210	MEHRDEUTIG (2 Treffer) - erster Treffer gewaehlt (Band 5, Kennung 1, Zeile 7655); 1 weitere Kandidat(en) ignoriert
Frosch(en)-, Frösch(en)-natur	ruhige Wesensart	6280	
Halb-acker	Flächenmaß von einem halben Morgen	9360	
über-weißeln	übertünchen	7590	
an-rumpeln	stark anfahren, hart anlassen	6333	
ein-wenden	mit dem Pflug noch vor dem (schmäler werdenden) Ackerende wenden	7404	
Pecke	dummes, rohes Frauenzimmer	6137	
durch-fahren	energisch durchgreifen, um Ordnung zu schaffen	6420	
Muckser	Bewegung, Zuckung	5500	
Dechsel	nach innen gebogene Queraxt zum Zuhauen der Radkränze	7520	
stecken-beinig	mager, dünn, knochig (von Beinen)	5210	
Fleisch-griebe	ausgekochter Fettwürfel	5911	
er-wachsen	ausgewachsen, zur vollen Höhe herangewachsen	3020	
Lausterer, Läusterer	wer bei einer Gerichtsverhandlung zuhört, ob alles richtig zugeht	8300	
hin-grenzen	mit etwas in Berührung kommen	9312	
Huf-rehe	eine Pferdekrankheit mit Fußschwäche und falschem Stehen als Merkmal	4112	
feisten	leise furzen	5340	
Rütsche, Rutsche	Lattenrost zum Abladen der Kartoffeln und Rüben	7800	
Wasser-kuh	Gelbrandkäfer (Dytiscus marginalis)	4700	
besemig	in Art eines Besens	9220	
spinnen	Spinnfäden ziehen, ein Netz oder Kokon weben (von Spinnen, Rauben)	4700	
Hexen-drücken	Druck auf der Brust während des Schlafens	5700	
Hunds-knute	Hundepeitsche	7450	MEHRDEUTIG (2 Treffer) - erster Treffer gewaehlt (Band 3, Kennung -, Zeile 15555); 1 weitere Kandidat(en) ignoriert
Geigen-mann	Hausgrille	4700	MEHRDEUTIG (13 Treffer) - erster Treffer gewaehlt (Band 3, Kennung 2b, Zeile 1685); 12 weitere Kandidat(en) ignoriert
Katzen-jammer	unangenehme Nachwehen eines Rausches	5925	
Un-schlitt	sehnige, schlecht genießbare Teile im Fleisch	5910	
Traget, Tragets	große Menge getrunkenen Alkohols	5925	
Schnaps-rausch	durch Genuß von zuviel Schnaps eintretende Bewußtseinsverwirrung	5925	
Zelg-holz	dürres Holz (Kiefer, Föhre)	7550	
Krümel	der aus Erde, Asche, Dung, Speiseresten und Jauche hergerichtete Kompost	7480	
Speck-sau	gut gemästetes, fettes Schwein	4113	
Klutter	Kotklümpchen an Schwanz und Hinterteil der Kühe	4111	
Herd-kessel	Wasserbehälter beim Küchenherd	7740	
Haft	Sicherungsverwahrung	8300	
stehen	aufrecht auf den Füßen (Wurzeln, einer Basis usw.) stehen	9230	
hocken-bleiben	lang ausbleiben	5920	"eindeutig ueber Volltext ""(abends) lang ausbleiben"" (fuehrender Klammerzusatz entfernt)"
Trockenung	Trockenheit, Dürre	2200	MEHRDEUTIG (2 Treffer) - erster Treffer gewaehlt (Band 2, Kennung -, Zeile 5461); 1 weitere Kandidat(en) ignoriert
Moke, Mocke	Zuchtsau, Muttersau	4113	
Wäsch-schüssel	Schüssel, Becken zur Körperwäsche	5940	
Spindel	alte Uhr	7500	
Ge-fährt(s)	schlecht funktionierende Einrichtung, alte Maschine	7500	
auf-reiben	aufdrehen	5520	
Ge-schirr	Werkzeug des Schusters	7540	
Bodem-lerche	Feldlerche (Alauda croensis)	4210	
aus-füllen	einen Vordruck	8400	
Wein-krug	irdene Kanne	7735	"eindeutig ueber Volltext ""(meist) irdene Kanne"" (fuehrender Klammerzusatz entfernt)"
Spreng-wagen	Wagen, auf dem ein Wasserfaß mit Gießwasser steht	7403	
Luß-schwein	Scheltwort des Schäfers für das Schaf	4114	
Hochzeit(s)-ring	Ehering	5938	
Schmiererin	weibliche Person, die schlecht schreibt und malt	8400	
Schraube	Spindel der Kelter	7470	
heraus-bringen	herausholen (Worte)	7200	
Schüppe	Lippe, herabhängende oder vorstehende Unterlippe	5200	"eindeutig ueber Volltext ""(derb) Lippe, herabhängende oder vorstehende Unterlippe"" (fuehrender Klammerzusatz entfernt)"
Kreolin	älterer Tuchstoff	5931	MEHRDEUTIG (3 Treffer) - erster Treffer gewaehlt (Band 4, Kennung -, Zeile 6589); 2 weitere Kandidat(en) ignoriert
Dackel	Neckn	8150	MEHRDEUTIG (601 Treffer) - erster Treffer gewaehlt (Band 2, Kennung 2a'b, Zeile 275); 600 weitere Kandidat(en) ignoriert
rösten, rosten	Hanf oder Flachs in der Röze mürbe machen	7490	
gut	zuverlässig, treu	6510	
Berg-land	hügeliges Land	2800	
maulen	widersprechen, frech antworten	6440	
bei-tragen	herbeitragen, heranbringen	7800	
Kramster	Gerümpel, Abfälle, Schmutz	9320	
Dreck-kathel	unordentliche Frau	6134	MEHRDEUTIG (13 Treffer) - erster Treffer gewaehlt (Band 2, Kennung -, Zeile 4685); 12 weitere Kandidat(en) ignoriert
Knochen-suppe	Brühe aus Knochen gekocht, Kraftbrühe	5911	
Reblaus-kommissar	Aufsichtsbeamter für den Weinbau	7470	
ver-recheln, -rechnen	in Rechnung stellen	7600	
Bätzen	Kleiner Grasplatz	7450	
da, dä(r)	Hinweis zur Erregung der Aufmerksamkeit beim Überreichen eines Gegenstandes	1230	
Schambrere	Abrichtepeitsche (des Reitlehrers)	4112	
Mutzen, Mutze	dicker Kuchen	5911	
herüber-laufen	von der anderen Seite zum Sprecher laufen	5531	
Auge	Loch im Stock des Ankers, zur Aufnahme des Bolzens	7500	
Emberling	Champignon (Psalliota camp.)	3500	
Gatz-vogel	Spaßmacher, der andere gern neckt und zum besten hält	7220	
auf-fassen	deuten	6250	
krumm	böse schauen, für böse auslegen	6333	"eindeutig ueber Volltext ""(Verb.) böse schauen, für böse auslegen"" (fuehrender Klammerzusatz entfernt)"
Stink-bock, Stinken-	ein fauler Mensch	6114	
Orts-arme	die Armen des Ortes	7010	
Stroh-binder	Strohbindevorrichtung an der Dreschmaschine	7402	
wenig	nicht viel	9400	
Mauser	Huhn, das sich mausert	4240	
Trauer-mantel	schwarzer Frauenmantel, der zur Trauer getragen wird	5934	
Hau-hepe	sichelartiges Messer zum Hauen von Reisern	7402	MEHRDEUTIG (2 Treffer) - erster Treffer gewaehlt (Band 3, Kennung -, Zeile 8563); 1 weitere Kandidat(en) ignoriert
Schwanz	Ende, Schluß	9314	
Esels-brücke	Hilfsmittel zum leichteren Behalten des Lehrstoffs u. dgl.	8400	
Mumms	Schnabeltasse	7736	
Kaffee-kopf, -köpfchen	Kaffeetasse ohne Henkel	7735	"eindeutig ueber Volltext ""(kleine) Kaffeetasse ohne Henkel"" (fuehrender Klammerzusatz entfernt)"
Platt-kopf	Doldenschirm der wilden Gelbrübe	3400	
panieren	Fleisch vor dem Braten in Eiweiß und Semmelbrösel oder Paniermehl hüllen	7780	
Krampen	im Scheuchruf für Rindvieh	7451	
Tasche, Täsche	Einstecktasche im Buch	8400	
Bauung	Feldbestellung	7430	
suck	Lockruf für Kühe	7451	
Feld-karst	im Feld gebrauchter Karst	7402	
Steigbügel-salat	Selleriesalat	5911	
Stink-bombe	kleine Kapsel mit stinkendem Inhalt	5430	
durch-reißen	entkommen	5532	
Graue	die Pilzkrankheit Oidium	7470	
Stich, Stichen	Merkmal der Eibefruchtung	5350	
Eß-klinge	Feuerhaken, mit dem der Schmied in der Esse hantiert	7530	
Weißen-burg	Stadt im Elsaß	8130	
Scher(en)-schleifer, -schliffer, -schleif, -schliff	unnützer, unbrauchbarer Hund	4117	
Einschmier-bürste, -bürstchen	kleine Bürste zum Auftragen der Schuhcreme	5937	
Garten	Baumschule im Wald	7550	
Beruf-kraut	Aster erigeron	3500	
Gockel, Göckel, Gokel, Gökel	Tannen- oder Fichtenzapfen	3110	
Finne	Larve des Bandwurms	4500	
Zahn-blecker, -blicker	vom Regen aufgesprungene Trauben	7470	
Fetzen	verächtlich von Kleidern überhaupt	5934	
Nase	nasenförmiger Vorsprung am Schließkloben der Tür, am Türschloß	7720	
durch-gucken	durch etwas hindurchschauen	5410	
Sersch	Stück Gewebe, im bes. Decke, Teppich	5930	
los-gehen	durchgehen, ausreißen (von Pferden)	4112	
ab-zackern	entwenden	8320	MEHRDEUTIG (10 Treffer) - erster Treffer gewaehlt (Band 1, Kennung 2b, Zeile 1445); 9 weitere Kandidat(en) ignoriert
Gewürz-schank, -schänkchen, -schränkchen	Schränkchen mit Fächern und Schubladen für Gewürze	7740	
Birnen-traben	Rückstand beim Keltern von Birnen	7480	
Schlüssel-acker	Acker mit winkelförmigem Grundriß	7420	
Schnurrant	herumziehender, müßiggehender junger Bursche	6124	
Simsen-wiese	feuchte, saure Wiese	7450	
Pferds-kummet	Pferdekummet	7403	MEHRDEUTIG (2 Treffer) - erster Treffer gewaehlt (Band 1, Kennung -, Zeile 9482); 1 weitere Kandidat(en) ignoriert
Kleber	Klebstoff	7500	
Einmach-pfirsiche	Pfirsiche zum Einmachen, auch eingemachte Pfirsiche	3120	
Etter-stange	Stange im (geflochtenen) Dorfzaun	7520	
Wiede	Rute zum Verabreichen von Prügeln	5521	"eindeutig ueber Volltext ""(W) Rute zum Verabreichen von Prügeln"" (fuehrender Klammerzusatz entfernt)"
Reuse-loch	Aussparung für die Fischreuse	7570	
Presse	Werkzeug zum Pressen	7500	
Blinzel-pinchen	Mädchen, das häufig mit den Augen blinzelt	5160	
visieren	zielen	8500	
Griebenwurst	Blutwurst mit beigemengten Speckgrieben	7565	
Hand-koffer	kleiner Reisekoffer	7850	
her-zus, -zusig	auf dem Herweg	9500	
rostig	rot, vom Haar	5210	
ein-brennen	ausschwefeln (Fässer)	7470	
Lechem	Brot (Musikantenspr)	5910	
schleifen-lassen	nachgiebig sein, vernachlässigen	6560	
an-legen	sich mit jemand a.	6333	
Zweit-läuten	das zweite Glockenläuten vor dem Gottesdienst	8830	
Bock-schneider	wer beim Klickerspiel alle Klicker verloren hat	7370	
Stumpel	Puppe aus Lumpen	7360	
Paß-partu	Wechselrahmen für Bilder	8600	
Gauls-, Gäuls-futter	saure Gräser	3400	
Galle	Absonderung der Leber	5340	
kugeln	wie eine Kugel rollen	9800	
Alben	weiße Weintrauben	7470	
Schmiere	Schmiermittel für Scharniere, Apparate, Radlager am Wagen	7500	
Hühner-auge	schmerzhafte Hornhautbildung am Fuß	5700	MEHRDEUTIG (3 Treffer) - erster Treffer gewaehlt (Band 3, Kennung -, Zeile 15232); 2 weitere Kandidat(en) ignoriert
Halter	Stift auf der Deichsel, der das Herausgleiten der Haltekette verhindert	7403	
Waffel(n)-teig	Teig für Waffeln	5910	
Kratz-vogel	Spaßvogel, der andere gern hänselt	7220	
Kasten-ofen	kastenförmiger Ofen mit und ohne Aufsatz aus Blech	7750	
Floh-, Flöhe-falle	wer besonders leicht von Flöhen befallen wird	5120	MEHRDEUTIG (2 Treffer) - erster Treffer gewaehlt (Band 2, Kennung -, Zeile 15698); 1 weitere Kandidat(en) ignoriert
Medem-land	aus Waldrodung entstandenes, gegen Abgabe überlassenes Land	8221	
Gewitter-eva	bösartige Frau mit Namen Eva	6132	
Bohnen-kraut	die Pflanze Satureia hortensis	3700	MEHRDEUTIG (2 Treffer) - erster Treffer gewaehlt (Band 1, Kennung -, Zeile 12115); 1 weitere Kandidat(en) ignoriert
rollen	Das mit Wasser gefüllte Faß schwenkend reinigen	9230	"eindeutig ueber Volltext ""(W) Das mit Wasser gefüllte Faß schwenkend reinigen"" (fuehrender Klammerzusatz entfernt)"
Ä-Bäckel	Kuß von einem kleinen Kind	6332	
Gelbrüben-tanz	Mazurka (Tanz)	8740	
ein-legen	Rast machen	9800	"eindeutig ueber Volltext ""(W) Rast machen"" (fuehrender Klammerzusatz entfernt)"
Kinder-wesen	Benehmen der Kinder (von kindischem Verhalten Erwachsener)	7020	"eindeutig ueber Volltext ""(abwertend) Benehmen der Kinder (von kindischem Verhalten Erwachsener)"" (fuehrender Klammerzusatz entfernt)"
Ge-leit	Begleitung	9312	
Schnaps	Tadel, Strafpredigt, Zurechtweisung, Staucher	6333	
Jägdlerei	Jägerei	7550	
Schneise	geradliniger Durchhau im Wald, Weg zwischen zwei Waldstücken	7550	
Ketten-ring	Ring am Geschirr der Zugtiere, durch den der Strang der Lanne geht	7403	
Zuckerbrot-form	Förmchen für Plätzchenteig	7560	
Kessel	kesselförmige Vertiefung beim Spiel Hurrsau	7360	
Bämperlein	männliches Glied	5200	MEHRDEUTIG (13 Treffer) - erster Treffer gewaehlt (Band 1, Kennung -, Zeile 6658); 12 weitere Kandidat(en) ignoriert
wäckeln	beruhigend am Kinderwagen wackeln	5830	
schleppen	eine Last hinter sich her ziehen	7800	
stäbeln	unbeholfen gehen, umherstampfen (von Kindern, die laufen lernen)	5830	
Hand-gaul	das im Zweiergespann links gehende Pferd	7403	MEHRDEUTIG (2 Treffer) - erster Treffer gewaehlt (Band 3, Kennung -, Zeile 7621); 1 weitere Kandidat(en) ignoriert
Wieder-verkau	das Wiederkäuen der Tiere	4111	
Zu-kost	Brotaufstrich	5910	
Raff-zähne	große Schneidezähne	5360	MEHRDEUTIG (2 Treffer) - erster Treffer gewaehlt (Band 5, Kennung -, Zeile 3619); 1 weitere Kandidat(en) ignoriert
Bock	Made, Larve im Obst	4700	
Queck-holder, Quack-	Wacholder (Juniperus communis)	3220	
schlabb(e)rig	nicht fest, wabbelig	9220	
Pirmans-gericht	das vom Kloster Hornbach bestellte Gericht	8300	
Wiechen, Wiecher	heraushängender Nasenschleim	5340	
herum-bitzeln	ohne rechte Lust in kleinen Bissen essen	5910	
sprenzeln	mit Wasser besprengen, gießen	9315	
Stänker-fritz	Quertreiber, der gerne Unfrieden stiftet und Zwietracht sät	6122	
Knatsch	unausgebackener Kuchen	7560	
Fliegen-orchis	Orchideenart, deren Blüte der Fliege ähnlich ist	3500	
Gockel(s)-schnabel	Schnabel des Hahns	4240	
Krach-darm	wer oft hörbare Winde streichen läßt	6116	
Hessen	das Land Hessen	8160	MEHRDEUTIG (2 Treffer) - erster Treffer gewaehlt (Band 3, Kennung -, Zeile 11783); 1 weitere Kandidat(en) ignoriert
er-gattern	auf geschickte Weise verschaffen	6420	
sagen	bedeuten, besagen	9330	
debattieren	etwas lebhaft erörtern	7200	
Geiß(en)-tutte	Traube mit länglichen Beeren	7470	
Krappen-nest	Nest der Rabenkrähe, der Saatkrähe	4210	
Ziemer	der Rücken eines Hasen, eines Rehes	4130	
Reiß-haken	Hemmschuh mit scharfen Eisenzacken, der bei Glatteis verwendet wird	7403	MEHRDEUTIG (3 Treffer) - erster Treffer gewaehlt (Band 5, Kennung 2, Zeile 5157); 2 weitere Kandidat(en) ignoriert
Jäger	Gott Wodan	8810	
dar-ein, -in	in etwas	9300	
sammich	sechzig	9320	
ver-klickern	durchbringen, verjubeln	6560	
Boz(en)-mann	Fastnachtsnarr	7310	
Rinne	mit Geröll gefüllter Abzugsgraben	7900	
Kegel-gesellschaft	Kegelklub	7390	
hinaus-tappen	mit schwerem Schritt nach draußen gehen	5532	
los-hacken	durch Hacken lockern	9311	
Juden-wagen	schlechter Wagen	7403	
Wald-knecht	Gehilfe des Waldaufsehers	7550	
aus-backen	gut durchbacken	7560	
Kuh-zins, Küh-	Abgabe für eine Kuh	8220	
brütig	zum Brüten neigend, brütend	4240	
Zwiebel-bock	samentreibender Zwiebeltrieb	3400	
ge-wöhnlich	von niedriger Gesinnung	6280	
ab-glitschen	abgleiten	5550	MEHRDEUTIG (2 Treffer) - erster Treffer gewaehlt (Band 1, Kennung x1, Zeile 426); 1 weitere Kandidat(en) ignoriert
Kopf-ring	Polsterring zum Tragen von Lasten auf dem Kopf	5932	
Ge-bruttel	Kaffeegetränk, in dem Rückstände schwimmen	5920	
Wäsch-eimer	Eimer, in den die Wäsche nach dem Auswaschen kommt	7770	
Post-meister	Leiter eines Postamtes	7840	
fliegen	sich hin und her bewegen, flattern	9800	
Auszieh-tisch	Tisch, dessen Platte ausgezogen wird	7730	
Be-stand	Nutzbäume eines Forstreviers	7550	
Ham-muh	Kuh (KS und Lockruf)	4111	
hitzig	von fieberigen Krankheiten	5700	
hinan-können	hingelangen können	9500	
dito	desgleichen	9312	
Himbeer(en)-kräutchen	Reseda (Reseda odorata)	3500	
Gelze	leichterer Rausch	5925	
Sums	Aufhebens, Getue, Kram	9400	"eindeutig ueber Volltext ""(abschätzig) Aufhebens, Getue, Kram"" (fuehrender Klammerzusatz entfernt)"
vorbei-kommen	vorbeigehen	5530	
Übungs-stunde	festgelegte Zeit zum Üben	8400	
Julien-suppe	Gemüsesuppe	5911	
Maul-streich	Schlag auf den Mund	5521	
sicher	sicherlich, gewiß	6440	
Grüneblumen-salat	Salat aus den Blättern des Löwenzahns	5911	MEHRDEUTIG (3 Treffer) - erster Treffer gewaehlt (Band 3, Kennung -, Zeile 5975); 2 weitere Kandidat(en) ignoriert
Krach-eisen	streitsüchtige Frau	6132	
Web-schule	Schule für angehende Weber	7545	
zahl-reich	in großer Anzahl	9400	
Druschel-kuchen	Stachelbeerkuchen	5911	MEHRDEUTIG (3 Treffer) - erster Treffer gewaehlt (Band 2, Kennung -, Zeile 5870); 2 weitere Kandidat(en) ignoriert
Dick-kopf	für Protestanten, von Katholiken gebraucht	8820	
lassen, lan	etwas belassen, überlassen, zurücklassen	9800	
heraus-sein	hinter sich haben	9314	
Scharlotte (Charlotte)	Lokomotive des Kuseler Zuges	7830	"eindeutig ueber Volltext ""(sch) Lokomotive des Kuseler Zuges"" (fuehrender Klammerzusatz entfernt)"
um	einen genauen oder ungefähren Zeitpunkt bezeichnend	9600	
Dünger-schüssel	Schüssel, aus der der Kunstdünger ausgestreut wird	7402	
klopfen, klöpfen	durch Klopfen etwas reinigen	7480	
Plapper-käthe	Klatschbase	6135	MEHRDEUTIG (7 Treffer) - erster Treffer gewaehlt (Band 1, Kennung -, Zeile 10813); 6 weitere Kandidat(en) ignoriert
Stumpf-ohr	kleines, kurzes Ohr; kupiertes Hundeohr	5210	
Hansel, Hänsel	Begleiter des Christkindes	7350	
Zargung	Einfassungsrand des Tisches	7730	
Bräune	Diphterie (Halskrankheit)	5700	
hinauf-ziehen	etwas hinaufziehen	9800	
mürbe	Mürbegebäck	5911	
Schmerzen(s)-geld	Entschädigung für erlittene Schmerzen in Form von Geld	8300	
Leckschmier-kessel	Kessel zum Pflaumenmuskochen	7735	
Passagier	Drückeberger	6550	
blenden	beim Rebschnitt die obersten Augen entfernen	7470	
ab-rennen	durch Rennen abstoßen, abreißen, beschädigen	5530	
Schlier-backen	Wange mit Geschwürnarben	5210	
Ofen-krüstchen	auf der Herdplatte geröstete Kartoffeln	5911	
durch-treten	durch Treten abnützen	9130	
Spreu-kissen	mit Spreu gefüllter Bettsack oder Bettbezug	7730	
Stauchen	wollener Kniewärmer	5932	
Klee-feld	Kleeacker	7420	MEHRDEUTIG (2 Treffer) - erster Treffer gewaehlt (Band 4, Kennung x, Zeile 3333); 1 weitere Kandidat(en) ignoriert
Ge-schmeiß	Schmeißfliegen und deren Maden; Ungeziefer überhaupt	4700	
Blümel-klee	Klee (Trifolium)	3400	
Zivil	normale Kleidung im Unterschied zur Uniform	5932	MEHRDEUTIG (4 Treffer) - erster Treffer gewaehlt (Band 6, Kennung -, Zeile 15862); 3 weitere Kandidat(en) ignoriert
Locken-fritz	Mensch mit dichtem, lockigem Haar	5120	
Kuh-delle, Küh-	FlN, Viehweide	8140	MEHRDEUTIG (3 Treffer) - erster Treffer gewaehlt (Band 4, Kennung -, Zeile 7577); 2 weitere Kandidat(en) ignoriert
Huppser	der zusammengewachsene Schlüsselbeinknochen des Hahns	4240	
Ge-juchze, -jukse	lautes Jauchzen	5560	
Finsternis	Verfinsterung der Sonne, des Mondes	2100	
Holle-ho	gedeckter Apfelkuchen	5911	
unter-ziehen	darunter anziehen	5932	
Fast-nacht	Sonntag nach der Fastnacht, Sonntag Invokavit	8860	"eindeutig ueber Volltext ""(W) Sonntag nach der Fastnacht, Sonntag Invokavit"" (fuehrender Klammerzusatz entfernt)"
Porträt	Bild, Photographie	8600	
Grundbirn(en)-bütte	Bütte zum Waschen der Kartoffeln	7735	
Lad-wein	Entlohnung in Wein für Ladearbeiten	7620	
Kapitalist	wer viel Geld hat	7010	MEHRDEUTIG (2 Treffer) - erster Treffer gewaehlt (Band 4, Kennung 1, Zeile 705); 1 weitere Kandidat(en) ignoriert
heim-treiben	nach Hause treiben	9500	
Schwinge	Windhölzer am Heuwagen	7403	
Boten-frau	Frau, die Botengänge machte	7500	
pflanzen	anbauen	7440	
schlucken, schlücken	Speisen, Getränke herunterschlucken, Schluckbewegungen machen	5360	
Georg	Sankt Georg und der ihm geweihte Tag (23. April)	8860	
ane-wackeln	schwerfällig-wackelnd dahingehen	5530	
Anwaag-stange	Stange, die zur Anwaage gehört	7500	
Roller	Fuhrmann	7403	
Futter-, Fütter-gelbrübe	gelbe Futterrübe	3400	
knuspern	zwischen den Mahlzeiten essen	5910	
Spalier-wingert	Weinberg, in dem die Reben an Spalieren gezogen werden	7470	
Frei-zins	Abgabe von besonderen Grundstücken	8220	
Schutt-haufen	Mülldeponie	8220	
Kästen-zeit	Reifezeit der Edelkastanien	3120	
Schmiede	Gericht, Justiz	8300	"eindeutig ueber Volltext ""(W) Gericht, Justiz"" (fuehrender Klammerzusatz entfernt)"
ver-schleudern, -schlaudern	unter dem Wert verkaufen, verramschen	7600	
Zwilling	durch Schlauchpilz verursachte Mißbildung an Zwetschgen	3120	
Stinkadores, Stinkadori, Stinkadoria	die Zigarre, schlechter Tabak	5921	
Treber	Preßrückstand beim Keltern	7470	
A-mal	Muttermal	5210	MEHRDEUTIG (16 Treffer) - erster Treffer gewaehlt (Band 1, Kennung 1, Zeile 2157); 15 weitere Kandidat(en) ignoriert
Wald-hütte	Schutzhütte im Wald	7550	
Blech-schwätzer, -schwätzerin	wer Unsinniges daherredet	6117	
Knöpf-schuhe, Knopf-	Schuhe zum Zuknöpfen	5937	
blümerant	unwohl, schwindelig	5700	
strubbelig	durcheinander, verwirrt	9320	
Nacht-brenner	Nacht-, Mordbrenner	8310	
Herrgotts-gabel	die fünf Finger der Hand	5200	
vor-sehen	auf der Hut sein	6450	
Reh-fuß	krummes Tisch- oder Stuhlbein	7730	
Tanz-meister	Tanzlehrer	8740	
Grundbirn(en)-auge	Keimansatz der Kartoffel	3400	
Felge	Teil des Wagenrades, das die Bereifung trägt	7820	
ent-fallen	aus dem Gedächtnis entschwinden	6230	
rotzig	an der Pferdekrankheit Rotz leidend	4112	
Schlampampe	Schmaus, Freß- und Saufgelage, Lustbarkeit	7330	
ver-tatschen	ungeschickt anfassen und dabei zerdrücken oder beschmieren	5520	
Fries(en)-haue	Gerät zum Ausheben von Gräben	7900	
Driesch-wiese	trockene Wiese	7450	MEHRDEUTIG (2 Treffer) - erster Treffer gewaehlt (Band 2, Kennung -, Zeile 5221); 1 weitere Kandidat(en) ignoriert
durch-schmeißen	hindurchwerfen	9800	MEHRDEUTIG (2 Treffer) - erster Treffer gewaehlt (Band 2, Kennung -, Zeile 6780); 1 weitere Kandidat(en) ignoriert
Ge-häuse	Ohr für den Stiel an Geräten	7500	
billern	auf dem Zahnfleisch kauen	5360	
an-mären	ein Schiff anlegen und mit Stricken anbinden	7820	
durch-schwimmen	schwimmend überqueren	7340	
Fuchsia, Fuchsie	der Zierstrauch Fuchsia gracilis	3800	MEHRDEUTIG (2 Treffer) - erster Treffer gewaehlt (Band 2, Kennung -, Zeile 17865); 1 weitere Kandidat(en) ignoriert
Ferse, Ferst	Ferse des Strumpfes	5937	
häupt	wichtigst, hauptsächlich	9240	
Seich-graben	Abflußrinne für Jauche im Stall	7410	MEHRDEUTIG (3 Treffer) - erster Treffer gewaehlt (Band 6, Kennung -, Zeile 258); 2 weitere Kandidat(en) ignoriert
Ell(en)-bogen	männliche Person mit schlechtem Benehmen	6126	
Vogel(s)-wicke	eine Art wilder Wicken	3500	
Zwilling	zwei zur gleichen Zeit von einer Mutter geborene Geschwister	7100	
Hunds-zettel	Attest für den tierärztlich untersuchten Hund	8220	
Kuh-magd, Küh-	Magd, die die Kühe melkt	7455	MEHRDEUTIG (3 Treffer) - erster Treffer gewaehlt (Band 4, Kennung -, Zeile 7675); 2 weitere Kandidat(en) ignoriert
Hammel	abfällige Bez. für einen Menschen mit schlechten Eigenschaften überhaupt	6116	
schmunzeln	stillvergnügt lächeln	6310	
hinein-schleifen	die Saat mit der Egge hineinschleifen	7440	
Tempo	rasches Zeitmaß	9600	
Narren-wetter	schlechtes, wechselhaftes Wetter	2200	
hängeln, henkeln	Arm in Arm gehen	5500	
Hand-walze	kleine Walze des Gärtners	7480	
Tupee	Kopf, Stirn (sch)	5200	
herum-stratzeln, -stratzen	hochmütig umhergehen, spazieren	5530	
dallchen	drücken	9800	MEHRDEUTIG (2 Treffer) - erster Treffer gewaehlt (Band 2, Kennung -, Zeile 610); 1 weitere Kandidat(en) ignoriert
herum-laufen	um etwas herum gehen	5530	
Fohlen-stall	Abteil für Fohlen im Pferdestall	7410	MEHRDEUTIG (2 Treffer) - erster Treffer gewaehlt (Band 2, Kennung -, Zeile 16026); 1 weitere Kandidat(en) ignoriert
Baum-erde	gute Erde im Garten	2700	MEHRDEUTIG (2 Treffer) - erster Treffer gewaehlt (Band 1, Kennung -, Zeile 7706); 1 weitere Kandidat(en) ignoriert
wachsig, wächsig	im Wachsen befindlich	9230	
aus-fahren	mit der Hand weit ausholen	5520	
Schlapp-peter	Feigling	6126	
ab-wischen	durch Wischen entfernen	9311	
stunden-weise	auf eine Stunde bezogen, pro Stunde	9600	
herunter-rennen	rennend herunterstoßen	5550	"eindeutig ueber Volltext ""(RA) rennend herunterstoßen"" (fuehrender Klammerzusatz entfernt)"
ein-nehmen	Alkohol trinken	5925	MEHRDEUTIG (2 Treffer) - erster Treffer gewaehlt (Band 2, Kennung 2b, Zeile 8222); 1 weitere Kandidat(en) ignoriert
ab-schnippeln	in kleinen Stücken ruckartig abschneiden	9311	
Gänse-, Gans-grete	Gänsehirtin	7450	
Gerichts-buch	Protokollbuch über die Gerichtsverhandlungen	8300	
jetz(t), itz(t), jetzund	als Einleitung zu einer Feststellung im Gespräch	1140	
Knall-peitsche	Peitsche mit dünner Hanfschnur am Ende, die den Knall erzeugt	7403	
Ge-knöchs	Kleinfleisch mit viel Knochen	7565	
Spaniol, Spanioler	Spanier	8160	
Arsch-loch	Afteröffnung bei Mensch und Tier	5200	
Dick-häuter	wer nicht empfindlich ist, von nichts berührt wird	6110	
Frucht-tuch	großes Tuch aus Hanfleinen, das man bei Regen über den Erntewagen deckte	7403	
statt-haftig	ausgestattet	9315	
Seiten-haken	seitlicher Haken am Zugscheit zum Einhängen der Zugstränge	7403	
Recht	Stellen, Plätze	9500	"eindeutig ueber Volltext ""(Verb.) Stellen, Plätze"" (fuehrender Klammerzusatz entfernt)"
Deckel-hut	flacher Hut	5936	
herunter-hunzen	durch Überanstrengung schwächen	7450	
Peter, Petrus	altes Kleidungsstück	5932	
Gauls-, Gäuls-kopf	Wasserspinne	4700	
Zimt-apfel	eine Apfelsorte, deren Geschmack an Zimt erinnert	3120	
Wingert(s)-gras	Wingertsdarm	3500	MEHRDEUTIG (2 Treffer) - erster Treffer gewaehlt (Band 6, Kennung -, Zeile 13404); 1 weitere Kandidat(en) ignoriert
Eckelenbasch	Hausrat, Ausstattung, Erbe, Vermögen, Plunder	7730	
fuhr-werken	schwer arbeiten	5540	MEHRDEUTIG (4 Treffer) - erster Treffer gewaehlt (Band 2, Kennung 1b, Zeile 17986); 3 weitere Kandidat(en) ignoriert
Winter-kirche	Name einer kleinen Kirche auf dem Winterberg in PS-Erfw	8140	
Gauch-heil	die Pflanze Anagallis arv.	3500	
Waldmeister-gras	Ruchgras (Anthoxanthum odoratum)	3500	
Schul-tafel	Schiefertafel	8400	
Dach-giebel	senkrechter Seitenabschluß am Dach	7710	
Früh-licht	das erste Tageslicht	2100	
Traljen-zaun	Zaun mit spitz auslaufenden Eisenstäben	7530	
Taxierung	Gebühren für Amtshandlungen	8220	
placken	gefleckt (vom Vieh)	4111	
toppen	mit Kieselsteinen spielen	7360	
Darm-verschlenkung	Darmverschlingung bei Pferden	4112	
Erdöl-faß	Petroleumfaß	7500	
Back-holz	lange Holzscheite zum Heizen des Backofens	7560	
Hemder-brust	Brustteil des Männerhemdes	5933	MEHRDEUTIG (2 Treffer) - erster Treffer gewaehlt (Band 3, Kennung -, Zeile 9664); 1 weitere Kandidat(en) ignoriert
Bast-sack	mit Maisbast gefüllter Sack (als Unterlage im Bett)	7730	
Schnaps-produkt	ein im Schnapsrausch gezeugtes Kind	5350	
Salon	Arbeitsraum des Friseurs	7500	
tupfchen	mit dem Finger anstoßen, berühren	5520	
Heck(en)-wald	Niederwald, junger Laubholzwald	3110	
Instrument	Geschäft	7600	
Winter-gasse	Name einer Gasse	8140	
See-reise	Reise über das Meer	7850	
Salat-schnecke	Mädchen, das abends herumstreicht	6136	
Ansteck-kran	großer Hahn am Faß	5920	
Windel	Tuch zum Aufnehmen von Urin und Stuhl des Säuglings	5830	
flegmatisch	ohne Mut	6405	
Funk	leichtsinniger junger Mann	6127	
Rosen-geruch	Rosenduft	5430	
Bocks-bart	Spitzbärtchen des Mannes	5940	
Schweine-rippchen	Gericht aus dem eingesalzenen und gekochten Rippenstück des Schweins	5911	
Geld-macher	wer auf großen Gewinn aus ist	6110	MEHRDEUTIG (2 Treffer) - erster Treffer gewaehlt (Band 3, Kennung -, Zeile 2141); 1 weitere Kandidat(en) ignoriert
Magd	eine alte Jungfrau	5165	"eindeutig ueber Volltext ""(W) eine alte Jungfrau"" (fuehrender Klammerzusatz entfernt)"
sprungs	schnell	6430	
Über-schwenke	Überschwemmung, Überfluß	2600	
durch-schleichen	heimlich durchgehen	5530	
ver-filzen	filzig werden	9230	
Maria-Bettstroh	Frauenflachs (Linaria vulgaris)	3500	
hinunter-laufen	hinabrinnen	9800	
Maurer(s)-kotelett	Limburger Käse	7455	"eindeutig ueber Volltext ""(sch) Limburger Käse"" (fuehrender Klammerzusatz entfernt)"
Schnaken-bein	bein einer Stubenfliege	4700	
Stopfen	ein kleiner Mensch, kleiner Junge	5122	MEHRDEUTIG (4 Treffer) - erster Treffer gewaehlt (Band 6, Kennung 5a, Zeile 5833); 3 weitere Kandidat(en) ignoriert
über-schwappen, -schwappchen	über den Rand schwappen (von Flüssigkeiten)	9230	
ein-ölen	mit Öl einreiben	9315	
Hand	Arbeitskraft	7500	"eindeutig ueber Volltext ""(SprW) Arbeitskraft"" (fuehrender Klammerzusatz entfernt)"
ver-schießen	durch Schießen als Kampfpreis gewinnen lassen	7300	
Diäten	Tagegelder	7620	MEHRDEUTIG (2 Treffer) - erster Treffer gewaehlt (Band 2, Kennung -, Zeile 2576); 1 weitere Kandidat(en) ignoriert
Frucht-fuhre	mit Getreide beladener Wagen	7403	
Paters-bach	Ort im Kr. Kusel	8130	
Bengel	derber Knüppel, Prügel	7520	
himmels-wahr	ohne jeden Zweifel wahr	6530	
Wolfs-magen	gefräßiger Magen	5340	
Bach-bläff	der in den Bach Bläffende (Scheißende)	5120	
Ge-bild	Leinen mit eingewobenen Figuren; feines Tischzeug mit Figuren	5931	
Wunder	Neckname für die Bewohner von KU-Eschau	8150	
Schaß	Gehrock, Frack	5933	MEHRDEUTIG (3 Treffer) - erster Treffer gewaehlt (Band 5, Kennung -, Zeile 9783); 2 weitere Kandidat(en) ignoriert
schlagen	laut hinauslachen	5560	"eindeutig ueber Volltext ""(Verb.) laut hinauslachen"" (fuehrender Klammerzusatz entfernt)"
not-folglich	notwendigerweise	5900	
Schwätz-verwandte	Bekannte, die gerne ein Schwätzchen halten	7010	
Ringler	Steinhauer, der viel schafft	7525	"eindeutig ueber Volltext ""(fachspr) Steinhauer, der viel schafft"" (fuehrender Klammerzusatz entfernt)"
an-reizen	aufreizen	6333	MEHRDEUTIG (2 Treffer) - erster Treffer gewaehlt (Band 1, Kennung -, Zeile 3017); 1 weitere Kandidat(en) ignoriert
Groß-tromme	große Trommel	8730	
Knorren, Knarren, Knurren	alter Rebstock; abgestorbenes, dürres Holz am Weinstock	7470	
Schnärr-büchse	Blasrohr (Kinderspielzeug)	7360	
Pläne-futte	wer dumme Pläne ersinnt	6117	MEHRDEUTIG (4 Treffer) - erster Treffer gewaehlt (Band 1, Kennung -, Zeile 10781); 3 weitere Kandidat(en) ignoriert
Rühr-bickel	Gerät zum Auflockern des Bodens im Weinberg	7402	
sprauzeln	ein wenig spreizen, sträuben, aufrichten	9230	
graunzig	verdrießlich, mürrisch	6320	MEHRDEUTIG (2 Treffer) - erster Treffer gewaehlt (Band 3, Kennung x, Zeile 5215); 1 weitere Kandidat(en) ignoriert
Rot-apfel	eine rote Apfelsorte	3120	
Schobel	Kamm des Huhnes, des Hahns	4240	
Brief	Zauberbrief	8810	
Feuer-holz	leicht erregbare Person	6110	
Rumpel-di-boschur	Sieh mal an! (Ausruf der Überrraschung, des Erstaunens)	1230	
Joch-holz	Bindeholz am Heuwagen	7403	
Erbes	Erbsen, Erbsengemüse, Erbsensuppe	5911	
wutzeln	sich oder etwas beschmutzen, Getränke oder Essen verschlabbern	9320	MEHRDEUTIG (2 Treffer) - erster Treffer gewaehlt (Band 6, Kennung 1, Zeile 14674); 1 weitere Kandidat(en) ignoriert
leitseln	Tiere herbeilocken	7451	
Wend-ring	Hebelstange mit Haken zum Drehen der gefällten Stämme	7550	
Schreib-tisch	Möbelstück mit großer Schreibplatte	7730	
um-pflügen	mit dem Pflug wenden	7430	
Pilse	Schlehenpflaume (Prunus insititia)	3120	MEHRDEUTIG (2 Treffer) - erster Treffer gewaehlt (Band 1, Kennung -, Zeile 10259); 1 weitere Kandidat(en) ignoriert
be-güten	mit Grund und Boden ausstatten	8330	
Wert	geistige Bedeutung, Gehalt; Sinn, Zweck	9700	
Narren-zipfel	närrischer Mensch	6117	MEHRDEUTIG (4 Treffer) - erster Treffer gewaehlt (Band 5, Kennung -, Zeile 768); 3 weitere Kandidat(en) ignoriert
tüllen	aus Tüll	5931	
Viertel-stück	Weinmaß (300 l)	7470	
Dämmers-zeit	Dämmerung	2100	MEHRDEUTIG (4 Treffer) - erster Treffer gewaehlt (Band 2, Kennung -, Zeile 674); 3 weitere Kandidat(en) ignoriert
Stuben-hitzer	Heizer	7750	
opfern	in der Kirche ein Opfer darbringen, Geld spenden	8840	
gerade-hinauf	senkrecht	9500	
um-legen	sich hin-, schlafen legen	5600	
Steinschloß-flinte	Gewehr mit Feuerstein als Funkengeber	8500	
an-laufen	anschwellen	5700	
pelzen	tüchtig essen	5910	MEHRDEUTIG (13 Treffer) - erster Treffer gewaehlt (Band 1, Kennung '1.2b, Zeile 8299); 12 weitere Kandidat(en) ignoriert
kennen	Interesse haben für	6332	
baden	waten	5530	
seelen-ruhig	sehr ruhig, äußerst gelassen	5500	
Kneisel	Spitzname eines Mannes in KU-Kreimb Kaulb	7110	
Welschkorn-jahr	Jahresmaisernte	7440	
ver-hexen	durch Zauberei verwandeln (vom Menschen)	8810	
Spar-herd	freistehender eiserner Herd	7740	
ge-lieben	angenehm sein, gefallen, belieben	6332	
Rille	Strieme, Blutstreifen	5700	
Hamster-fahrt	Fahrt aufs Land, um sich mit Lebensmitteln einzudecken	5910	
doppelt-gemoppelt	zweimal dasselbe gemacht	9400	
Maul-tasche	ein Gebäck	7560	MEHRDEUTIG (2 Treffer) - erster Treffer gewaehlt (Band 4, Kennung 1, Zeile 13187); 1 weitere Kandidat(en) ignoriert
spitz-maulig, -mäulig	mit spitzer Mundpartie ausgestattet	5210	
ein-schlagen	Gemüse vor dem Winter mit einer Erdschicht bedecken	3400	
Schwelle	Fettwulst am Körper	5210	
aus-führen	hinausbegleiten	5532	
Herbst-schurz	bei der Weinlese getragene Schürze	7470	
über-holen	warten, ausbessern, renovieren	7500	
Ding	männliche Person	5130	
Schneider-geiß	Neckname für einen hageren Menschen	8150	
Schina (China)	Land in Fernost	8160	
Spatzen-vieh	(lästiger) Sperling, Gesamtheit der Sperlinge	4210	"eindeutig ueber Volltext ""(meist abschätzig) (lästiger) Sperling, Gesamtheit der Sperlinge"" (fuehrender Klammerzusatz entfernt)"
Megro	ein Hundename	4117	MEHRDEUTIG (4 Treffer) - erster Treffer gewaehlt (Band 4, Kennung -, Zeile 13471); 3 weitere Kandidat(en) ignoriert
Lett(en)-ader	Lettenschicht im Boden	2700	
Herbst-rübe	Weißrübe (Brassica rapa var. esculenta)	3400	MEHRDEUTIG (3 Treffer) - erster Treffer gewaehlt (Band 3, Kennung -, Zeile 10246); 2 weitere Kandidat(en) ignoriert
Stecken	der Stengel der Sonnenblume	3800	
Gär	Gärgeschmack	5440	
väterlich	vom Vater hinterlassen (bes. von Erbschaften)	8300	
Mords-kleid	prächtiges aufsehenerregendes Kleid	5934	
Magen	der Magen der Haustiere, insbes. des Schlachtviehs	7565	
Birken-schwamm	Birkenpilz	3500	
Schiff	großes Wasserfahrzeug	7820	
auf-tauchen	wieder zum Vorschein kommen	9800	
auf-sagen	den Dienst aufkündigen	8300	
Fabrik-luft	Luft, die von einer Fabrik herüberweht	2300	
Samen-kukumer	Gurke, die man zur Zucht von Samen ausreifen läßt	7480	
Madonnen-gesichtel	besonders schönes Gesicht	5210	
eher, eh(en)der	bevor	9600	
Gesellschafts-zwiebel	Schalotte (deren Knolle aus mehreren kleinen Zwiebeln besteht)	3400	
Wald-tag	bestimmter Tag, an dem im Wald Holz gelesen werden darf	7550	
stochern	mit einem spitzen Gegenstand in etwas herumbohren	5520	
ab-pfählen	mit Pfählen abstecken	7420	
Tag	ein paar Tage u. ähnl.	9600	
Ruts-weiler	Ort an der Lauter im Kr. KU	8130	
Krubbel-kopf	Kopf mit ungeordnetem Haar	5940	
zusammen-wolfen	Besitztümer zusammenraffen	8330	
Ober-stube, -stübchen	Kopf, Hirn	5200	
Kanaler	Bewohner des Dorfteils am Kanal	8160	
Präsident	Vorsitzer in der Gemeinschaft der Kirbeburschen	7311	
pütscheln	Kranz winden	5520	
Apfel-, Äpfel-bumpes	Apfelwein	5920	MEHRDEUTIG (4 Treffer) - erster Treffer gewaehlt (Band 1, Kennung -, Zeile 3557); 3 weitere Kandidat(en) ignoriert
Schleim	schlüpfrige, zähe Masse, als Körperausscheidung, Auswurf	5340	
ge-rauen	sich heftige Vorwürfe machen	6520	
Koralle	Koralle als Schmuck	5938	
schaf(s)-wollen	aus Schafwolle	7545	
greinern	weinen, klagen	5560	
Städter-furz	Redensweise eines Menschen aus der Stadt, Sprüche	7210	
Mohn-öl	Öl aus Mohnsamen	5910	
ver-geben	verzeihen	6332	
Müßig-keit	Müßiggang	6520	
Opfer	schmerzlicher Verzicht, unter schmerzlichem Verzicht erbrachte Leistung	6450	
Faulbrunner-delle	Tal bei einem Faulbrunnen	2800	
Leiter	Vorrichtung zum Verladen von Fässern	7800	
todsterbens-übel	sterbensübel	5700	
Brand-sohle	Innensohle in Schuhen, aus geringerem Leder	7540	
Lilax	Eckensteher, Tagedieb, Strolch	6124	
ein-drücken	etwas in einen Behälter hineindrücken	5520	
Tuffstein-wand	mit Tuffstein gemauerte Wand	7510	
herum-latschen	lässig umhergehen	5530	
Schneeberger-hof	Wüstung, später Hof bei RO-Gerb	8130	
ent-scheiden	eine amtliche Entscheidung treffen	8210	
grappschen, grappsen, grappchen	rasch zusammenraffen	5520	
scherbeln	unsicher, jedoch hastig gehen (von einem Betrunkenen)	5533	
Kribbes-krabbes	zerstrittenes Verhältnis	6333	
Schnitzel-mann	wer Holz bearbeitet	7520	"eindeutig ueber Volltext ""(KR) wer Holz bearbeitet"" (fuehrender Klammerzusatz entfernt)"
Hub-holz	zur Hube gehörender Wald	3110	
Platte	Grammophonplatte	8700	
Kopf-verbrechen(s)	Kopfzerbrechen	6250	
Hunds-zunge	breitblätteriger Wegerich (Plantago maior)	3500	MEHRDEUTIG (2 Treffer) - erster Treffer gewaehlt (Band 3, Kennung 2b, Zeile 15663); 1 weitere Kandidat(en) ignoriert
Tier-garten	Gehege für Hirsche und Rehe	7550	
Karfreitags-kläpper	geschwätzige Person	6135	
Stumpen-wasser	Wasser, das sich in einem Baumstumpf gesammelt hat	2200	
West-luft	Wind aus westlicher Richtung	2300	MEHRDEUTIG (2 Treffer) - erster Treffer gewaehlt (Band 6, Kennung -, Zeile 12541); 1 weitere Kandidat(en) ignoriert
all-möglich	mächtig groß	9210	
Dreier	die Schulnote 3	8400	MEHRDEUTIG (2 Treffer) - erster Treffer gewaehlt (Band 2, Kennung 1b, Zeile 4957); 1 weitere Kandidat(en) ignoriert
Loh-holz	Holz, von dem die Lohrinde abgeschält wurde	7550	MEHRDEUTIG (2 Treffer) - erster Treffer gewaehlt (Band 4, Kennung -, Zeile 11050); 1 weitere Kandidat(en) ignoriert
an-gehen	beginnen	9313	MEHRDEUTIG (6 Treffer) - erster Treffer gewaehlt (Band 1, Kennung I2, Zeile 2607); 5 weitere Kandidat(en) ignoriert
Ball	Tanzfest	8740	
Patsch-base	Frau, die viel und Schlechtes über andere redet	6135	
denken	gesinnt sein	6260	
zündeln	aus Spielerei Streichhölzer anzünden	9230	
fort-fahren	wegfahren, abreisen	7850	
Stock-franzose	ein typischer, überzeugter Franzose; ein frankophiler Mensch	8160	
Ahnung	Strafe	8300	MEHRDEUTIG (2 Treffer) - erster Treffer gewaehlt (Band 1, Kennung +'2, Zeile 1788); 1 weitere Kandidat(en) ignoriert
Wappen	von einer Verletzung, einem Schlag herrührendes Mal, Narbe	5700	
Laun(en)-fechter	Mensch, der schwer an seine Berufgeschäfte geht	6114	
Extra-gebackenes	etwas Besonderes	9240	MEHRDEUTIG (2 Treffer) - erster Treffer gewaehlt (Band 2, Kennung -, Zeile 10258); 1 weitere Kandidat(en) ignoriert
Windel-kind	Kind, das noch Windeln trägt	5830	
hinunter-jagen	rasch trinken	5920	
Dach-tröpfse	der vom Dachrand tropfende Regen	2200	
kollern	massenhaft herunterfallen	3120	
Kart(en)-abend	abendliche Zusammenkunft zum Kartenspiel	7380	
Engel	Kosewort für ein liebes Kind	5830	MEHRDEUTIG (2 Treffer) - erster Treffer gewaehlt (Band 2, Kennung 4, Zeile 9194); 1 weitere Kandidat(en) ignoriert
gleich	angemessen, recht	9240	
Würfel-zucker	würfelförmig gepreßter Zucker	5910	
Schabbes-rock	Sabbatanzug der Juden	5933	
über-bauen	nur Part. Perf.: vom Pferd, das hinten höher ist als vorne	4112	
Patsch-schädel	schwachbegabter, unbeholfener Mensch	6117	
ge-rade	aufrecht	5500	
Bummer	dickes Kind	5120	
Maus(e)-zahn	schmale Häkelspitzen	7545	
tropfseln, tröpfseln	vom Tropfen der Nase	5300	
Pappel-arsch	Schwätzer	6111	
Knupper, Knuppert	kleiner, rundköpfiger Schuhnagel	7540	
Ortsarmen-last	finanzielle Belastung einer Gemeinde durch Armenfürsorge	8240	
Rampe	Auffahrt	7810	
Knaus-backen	Wangen mit knotigen Auswüchsen	5210	
über-laufen	über die Ufer treten, über den Rand laufen, überbrodeln (Flüssigk.)	9230	
Vor-stellung	eine Vorstellung von etwas	6240	
Kissen	Kissen als Auflage auf den Stuhl, die Bank	7730	
pfropfen	Obstbäume veredeln	7480	MEHRDEUTIG (4 Treffer) - erster Treffer gewaehlt (Band 1, Kennung -, Zeile 9830); 3 weitere Kandidat(en) ignoriert
Spanier	eine (schwarze) Hühnerrasse	4240	
Dreck-fisch	eine Fischart	4310	MEHRDEUTIG (3 Treffer) - erster Treffer gewaehlt (Band 2, Kennung -, Zeile 4643); 2 weitere Kandidat(en) ignoriert
Apfel-speise	Apfelbrei mit verschiedenen Zutaten	5911	
glucksig	verliebt, heiratslustig	6332	
Kommiß-bäcker	Garnisonsbäcker	7560	
über-hupfen, -huppsen	über etwas hüpfen	5550	
ab-fangen	auflauernd festnehmen	8230	
Bett	Teile der Bettausrüstung	7730	
tupfen	mit Tupfen versehen	9220	
ab-fechten	in einer Straße bettelnd von Haus zu Haus gehen	6410	
Zieh-bube	zum Militärdienst gezogener junger Mann	8500	
Märchens-dings	Lügengeschichten	7210	
klaffen	klopfen	5520	
Gauls-, Gäuls-kuß	heftiges Kneifen in den (Oberarm)	5520	
Kuh-geschirr, Küh-	Geschirr der Fahrkuh	7403	
Bad	Heilbad	8120	
tatterig	weich, morsch (vom Obst)	3120	
Wirre, Wirren, Wirres	Durcheinander, Filz (vom Haar)	5940	
Blume	Eisblumen	2200	
Schnecke, Schneck	Schleimpfropf im Hals, Auswurf	5340	
Mutter-boden	humusdurchsetzte, fruchtbare Erde	2700	MEHRDEUTIG (2 Treffer) - erster Treffer gewaehlt (Band 4, Kennung -, Zeile 15921); 1 weitere Kandidat(en) ignoriert
ver-genörgeln	zerknittern	9800	
ab-witschen	entwischen	5532	MEHRDEUTIG (3 Treffer) - erster Treffer gewaehlt (Band 1, Kennung x2, Zeile 1438); 2 weitere Kandidat(en) ignoriert
Gläner	Lanzenreiter	8500	
Auto-fahrer	der Autolenker	7800	
hoch-stämmig	mit hohen Bäumen	3100	
Plump-sack	plumper, schwerfälliger Mensch, dickes Kind	5120	
herunter-holen	mit heftiger Bewegung (her)abreißen	9311	
Funzel	von der Taschenlampe	7760	"eindeutig ueber Volltext ""(sch) von der Taschenlampe"" (fuehrender Klammerzusatz entfernt)"
ab-machen	im Sterben liegen	5870	
Schnippelchens-bohnen	Speise aus geschnittenen Bohnen	5911	
Rolle	ineinander gerolltes und als Knoten befestigtes Haar	5940	
Bollen	Schwarzkümmel (Nigalla damascena)	3700	
Ehre	äußeres Ansehen, Wertschätzung durch andere Menschen	6520	
Pfeiler	schmales Mauerstück zwischen zwei Fenstern	7720	
See-aal	eine vorwiegend im Meer lebende Aalart	4320	
Stern-miere	Vogelmiere (Stellaria media oder holostea)	3500	
lotter	nicht fest, locker, lose (von Gegenständen)	9311	
Griebs, Griebsel	Nacken, Genick, Kragen	5200	
Schnee-schanze	vom Wind zusammengewehter Schnee	2200	
Grappscher, Grappser, Grappscherin	wer ungestüm zulangt, eilig zusammenrafft und wegnimmt	6116	
Stall-reff	Futterleiter über der Krippe im Stall	7402	
arg	schlimm	9240	
lahm	steif, in der Bewegungsfähigkeit eingeschränkt	5230	
kliefen	dem abgeteilten und abgewogenen Teigstück die Brötchenform geben	7560	
Fuchs-höhle	Fuchsbau	4030	MEHRDEUTIG (2 Treffer) - erster Treffer gewaehlt (Band 2, Kennung -, Zeile 17862); 1 weitere Kandidat(en) ignoriert
fahr-bändig	an das Fahren (Ziehen) gewöhnt (von Ochsen)	7403	
Fotell	Lehnstuhl	7730	MEHRDEUTIG (3 Treffer) - erster Treffer gewaehlt (Band 2, Kennung -, Zeile 16991); 2 weitere Kandidat(en) ignoriert
oa	Ausruf der Verwunderung	1230	
welk, welch	durch Wassermangel, Alterung schlaff (von Pflanzen)	3020	
auf-rührerisch	aufgerührt, zu Ausschreitungen geneigt	6510	MEHRDEUTIG (3 Treffer) - erster Treffer gewaehlt (Band 1, Kennung 2, Zeile 4615); 2 weitere Kandidat(en) ignoriert
hinein-dachsen	in eine unangenehme Lage kommen	9110	
Schrot-messer	Gerät mit schartiger Schneide	7736	
tapen	täppisch, ungeschickt umhergreifen, -tasten	5520	
Laterne, Lanter	großer weißer Fleck am Kopf des Pferdes	4112	
Pfahl-wicken	Stangenwicken	3500	
Gürtel-joppen	Joppe mit Gürtel	5933	
Schnippeler	wer etwas klein schneidet	9311	
aus-schlenkern	tüchtig schütteln, damit Staub und Fasern wegfliegen	5930	
hüpfig	mannstoll	6405	
auf-recheln	auf die Rechnung schreiben, anrechnen	7600	
Eierkuchen-teig	Teig für Eierpfannkuchen	5911	
Zucker-stern	Zuckergebäck in Sternform	5911	
Grusel	Schauder, Grauen	6320	
Boxer	Faustkämpfer	7340	
er-sitzen	ruhen lassen	9800	"eindeutig ueber Volltext ""(Verb) ruhen lassen"" (fuehrender Klammerzusatz entfernt)"
Bann-herr	Herr des Bannes	8210	
Ge-jänkel	Quälerei	6320	
aus-schaufeln	mit der Schaufel säubern	7500	
ver-kodern	von lang andauernden Sprechversuchen des Kleinkindes	5360	
beuteln	im Spiel die Klicker abgewinnen	7370	
Riesen-kerl	sehr großer und starker Mann	5141	MEHRDEUTIG (3 Treffer) - erster Treffer gewaehlt (Band 5, Kennung -, Zeile 5607); 2 weitere Kandidat(en) ignoriert
Dolen-kopf	Durchlaß im Flußdamm	7900	
Bajes	altes Haus	7710	MEHRDEUTIG (7 Treffer) - erster Treffer gewaehlt (Band 1, Kennung 1, Zeile 6449); 6 weitere Kandidat(en) ignoriert
Quatsch-sack	wer viel und zugleich dummes Zeug redet, Schwätzer	6117	
weibsig	frauenhaft	5150	
Spiegel	glänzender Rockärmel vom darauf abgeputzten Nasenschleim	5940	
Feder-spieß	Spieß, daran Eisen mit langen Federn geschlagen sind	8500	
Tann(en)-baum	Kristbaum	7310	
Schurz(en)-tuch	Schürze	5932	
Keller-ratte	Ratte im Keller, Hausratte	4120	
aufeinander-hocken	dicht beieinander sitzen	9312	
Dörr-horst	Grundstück auf kiesigem Boden	2700	
Erlen-schwanz	Blütenstand der Erle	3110	
Ge-hinsel	das Gewinsel eines Hundes	4117	
Nuckelchen	kurzes Schläfchen, Nickerchen	5600	
äne-mattesig	schwächlich, armselig	9240	
Blatt	Pulverblättchen	7360	
heraus-fahren	plötzlich hervorkommen	9316	
Dritt-gewanne	Name von Feldstücken	8140	
bei-holen	herbeiholen	7800	
Gargel	für den Faßboden vorgesehene Nute im Daugenkopf	7520	
Rätscherei, Ratscherei	Plauderei, Klatsch, Lügengeschichte, üble Nachrede	7210	
Enten-strich	Flug der Wildenten	4230	
Schmier-käse	gefaulter, breiiger Käse; überreifer Handkäse	7455	
Gusche, Gusch	derb Mund	5200	"eindeutig ueber Volltext ""(sch) derb Mund"" (fuehrender Klammerzusatz entfernt)"
halb-wüllen	halb aus Wolle bestehend	5931	
Gaub-loch	Lichtloch im Dachgiebel	7720	
hinauf-machen	nach oben ziehen, drehen, wickeln	5520	
Quentchen	veraltete kleinste Gewichtseinheit	9370	
Experte	Sachverständiger	6250	
Pfarr-fräulein	Haushälterin des katholischen Priesters	7780	
Kuh-hirt, Küh-	Hirt, der die Kühe des Dorfes hütete	7450	
Ge-tapp(s)	plumpes Gehen und Auftreten	5530	MEHRDEUTIG (2 Treffer) - erster Treffer gewaehlt (Band 3, Kennung -, Zeile 3400); 1 weitere Kandidat(en) ignoriert
ab-kärmsen	entbehrungsvoll absparen	9110	
Sport(s)-kappe	Sportmütze	5936	
Eigen-stück	Feldstück im Eigenbesitz	8221	
Mulben	torfartige, kockere Erde	2700	
Flick-backen	Wange mit Narben	5210	
Sprecherei	Rederei, Gespräch	7200	
vor-ziehen	nach vorn ziehen	9800	
Fett-panz	dickbäuchiger Mensch	5123	MEHRDEUTIG (2 Treffer) - erster Treffer gewaehlt (Band 2, Kennung -, Zeile 14091); 1 weitere Kandidat(en) ignoriert
Militär-leben	Soldatenleben	8500	
Fallitäten	in Schwierigkeiten geraten	9110	"eindeutig ueber Volltext ""(W) in Schwierigkeiten geraten"" (fuehrender Klammerzusatz entfernt)"
Kuh-auge, Küh-	große Hornbrille	5932	
Griebe	Schwanz der Kuh	4111	MEHRDEUTIG (3 Treffer) - erster Treffer gewaehlt (Band 3, Kennung 2b'b, Zeile 5326); 2 weitere Kandidat(en) ignoriert
fahren	von den herabfallenden Niederschlägen	2200	
Zweck	kleiner Graben zwischen zwei Wiesen; Grenze	8221	
es	mit Bezug auf eine Person oder Sache	1130	
Weber	sich ständig hin- und herwiegendes Stalltier	4110	
winseln	mit hohen Tönen anhaltend jammern, klagen	5560	
Heu-kleid	leichtes Frauenkleid für die Heuernte	5934	
Keller-seil	zum Geschirr für die Arbeit im Weinkeller gehörendes Seil	7470	
Rasse	Pferderasse mit schlankem Körper und dünnen langen Beinen	4112	"eindeutig ueber Volltext ""(Verb.) Pferderasse mit schlankem Körper und dünnen langen Beinen"" (fuehrender Klammerzusatz entfernt)"
grammeln	brummen	5560	
flatschen, flätschen	klatschen	5520	
Dreh-brett	verbotenes Glücksspiel in der Art des Rouletts	7390	
Geld-gurt	um den Leib geschnallter Geldbeutel	5932	MEHRDEUTIG (3 Treffer) - erster Treffer gewaehlt (Band 3, Kennung -, Zeile 2129); 2 weitere Kandidat(en) ignoriert
Hammel	Schaf allg.	4114	
Holder-schuß	Holunderschößling	3210	
Stampfes	Neckname (für die Bewohner von IB-Rohrb)	8150	
Neustadter	Bewohner von Neustadt	8160	
fremd	unbekannt	6250	
Fahr-halfter	beim Fahren verwendetes Halfter	7403	MEHRDEUTIG (2 Treffer) - erster Treffer gewaehlt (Band 2, Kennung -, Zeile 10452); 1 weitere Kandidat(en) ignoriert
um-legen	umschlagen, umfalten	5932	
wasserig, wässerig	Wasser enthaltend	9230	"eindeutig ueber Volltext ""(zu viel) Wasser enthaltend"" (fuehrender Klammerzusatz entfernt)"
krüsteln	knusprig backen	7740	
herum-drehen	von seiner Meinung abbringen	6460	
Sonntags-besuch	Besuch am Sonntag	6421	
Riese	die Sagengestalt Riese; außergewöhnlich großer Mann	5141	
vor	nach vorn	9500	MEHRDEUTIG (3 Treffer) - erster Treffer gewaehlt (Band 2, Kennung II1, Zeile 16203); 2 weitere Kandidat(en) ignoriert
Backerei	Backarbeit	7780	
Geld-macherei	Profitgier	6520	
Schisser	Feigling, zaghafter schüchterner Mensch	6110	
selben-mal(s), selb-	jenesmal, damals zu jener Zeit	9600	MEHRDEUTIG (2 Treffer) - erster Treffer gewaehlt (Band 6, Kennung -, Zeile 492); 1 weitere Kandidat(en) ignoriert
Reben-schneiden	das Schneiden der Reben im Frühjahr	7470	MEHRDEUTIG (2 Treffer) - erster Treffer gewaehlt (Band 5, Kennung -, Zeile 4519); 1 weitere Kandidat(en) ignoriert
Fenster-gerähms	eisernes Schutzgitter außen vor dem Fenster	7720	MEHRDEUTIG (3 Treffer) - erster Treffer gewaehlt (Band 2, Kennung +, Zeile 11588); 2 weitere Kandidat(en) ignoriert
hin-schlappen	lässig dahingehen	5530	
Hering(s)-sulper	Salzbrühe im Heringsfaß	5910	
Schwung-feder	große Feder im Vogelflügel	4200	
Gemeinde-esse	Schmiedewerkstatt des Bannschmiedes	7530	
hiesig	von hier, aus diesem Ort	9500	
mohrig	dunkel (vom Fell der Kuh)	4111	
feil	von einem Mädchen, das noch nicht verlobt ist	7321	"eindeutig ueber Volltext ""(W) von einem Mädchen, das noch nicht verlobt ist"" (fuehrender Klammerzusatz entfernt)"
Ge-wurstel(s)	viele Würste	7565	
gar, gär	als Ausdruck der Verwunderung	1230	"eindeutig ueber Volltext ""(W) als Ausdruck der Verwunderung"" (fuehrender Klammerzusatz entfernt)"
rat-schlagen	beraten	6450	
Bodem-reif	Reifen am Boden der zinkenen Brenke	7530	
Dahlien-fest	alljährlich in Landau begangenes Blumenfest	7310	
Kuppen-hüter	Gemeindeförster	7550	
Plump-sack	geknotetes Taschentuch (im Spiel)	7360	
Affen-kochem	Schimpfwort auf einen schlauen Menschen	6111	
Tücher-korn	die beim Abladen des Getreides vom Wagen herabfallenden Körner	7440	MEHRDEUTIG (2 Treffer) - erster Treffer gewaehlt (Band 2, Kennung -, Zeile 5969); 1 weitere Kandidat(en) ignoriert
Spinnen-bein	Bein einer Spinne	4700	
kitzeln	durch leichtes, streichelndes Berühren einen Juckreiz hervorrufen	5520	
Kribbes	gereizter, böser, falscher Mensch	6112	
fließ-papieren	dünn wie Fließpapier	9212	
Nacht-glocke	Glockengeläut am Abend	5420	
Monats-musik	monatliche Tanzmusik, abwechselnd in verschiedenen Lokalen	8730	
knickern	den Klicker mit dem Finger schnellen	7370	MEHRDEUTIG (2 Treffer) - erster Treffer gewaehlt (Band 4, Kennung '2, Zeile 4197); 1 weitere Kandidat(en) ignoriert
Strüpf-arsch	diebischer Mensch	8320	
an-schaffen	kaufen, erwerben	7600	
Bampes	Schlamm, Morast	2700	MEHRDEUTIG (2 Treffer) - erster Treffer gewaehlt (Band 1, Kennung x3, Zeile 6661); 1 weitere Kandidat(en) ignoriert
all-bekannt	überall bekannt	6250	
Schlotte	Zwiebelstengel, Zwiebel, Schalottenzwiebel	3400	
Klee-salz	Kaliumtetraoxalat (das früher aus Sauerklee gewonnen wurde)	9230	
Wasser-trog	steinerner oder hölzerner Trog (als Viehtränke)	7450	
dabern, däbern	triefen (vom Auge)	5700	
un-scheniert	ungestört, unbehelligt	6430	
Nestel-loch	Öse für den Schnürsenkel am Schnürschuh	5937	
Glatt-haar	glatthaariger Hund	4700	
Schnalle	hintere Klappe aus Stoff an der Knabenhose	5933	
laden	wütend sein, Groll hegen	6320	"eindeutig ueber Volltext ""(W) wütend sein, Groll hegen"" (fuehrender Klammerzusatz entfernt)"
juckeln	unruhig sitzen, hin und her rutschen	5550	
Krauter, Krauterer, Krauterin	Handwerksmeister mit wenig Hilfskräften	7500	
Baum-arsch	Baumstumpf	3100	MEHRDEUTIG (7 Treffer) - erster Treffer gewaehlt (Band 1, Kennung -, Zeile 7681); 6 weitere Kandidat(en) ignoriert
Sau-gast	unverschämter, grober Mensch	6116	
reiherig	begattungswillig	5350	
Daber-, Däber-auge	blaugeschlagenes Auge	5521	
Kümmel-mann	ambulanter Kümmelhändler	7600	"eindeutig ueber Volltext ""(VR) ambulanter Kümmelhändler"" (fuehrender Klammerzusatz entfernt)"
Setz-zwiebel	Steckzwiebel	3400	
umher-rennen	herumrennen	5533	
Ram-stein	Grenzstein (auch als Flurname belegt)	8221	
Kübel	oberer Bestandteil des Butterfasses	7455	
bremsen	mühsam und hörbar atmen (vom Rindvieh)	4111	
daran-schlagen	schlagend berühren	5450	
Steck-saat	Pflänzchen, die aus Samen entstanden sind	7401	
all-hieig, -hierig, -hiesig	hiesig	8100	MEHRDEUTIG (2 Treffer) - erster Treffer gewaehlt (Band 1, Kennung -, Zeile 1991); 1 weitere Kandidat(en) ignoriert
schröpfen	mit den Fingerknöcheln an den Kopf schlagen	5521	
auf-fällig	auffallend	5400	
Trimmel	der mit Bretterboden und Seitenbrettern versehene Wagen	7403	
Schmus-backen	ein Mensch, der gerne liebkost und schmust	6332	
ein-grubbern	Dünger mit dem Grubber in den Boden bringen	7402	
Gau-dieb	durchtriebener Mensch; Spitzbube	6112	
Kafrus, Kafruse	verwahrloster Mensch	6114	
Traubenstock-blut	Saft der beschnittenen Rebe	7470	MEHRDEUTIG (2 Treffer) - erster Treffer gewaehlt (Band 2, Kennung x, Zeile 4454); 1 weitere Kandidat(en) ignoriert
putzen	Holz, Laub, Steine von den Wiesen ablesen und die Maulwurshaufen beseitigen	7450	
billen	die Mühlsteine mit der Bille riefen (schärfen)	7580	
stieben	gleichzeitig fein regnen und schneien	2200	
Tralje	Gitterstab	7530	
Grund-haufen	Komposthaufen, Kehrichthaufen	9220	
Sesam-kuchen	Viehfutter aus gepreßtem Sesam	7450	
Knebel-bart	kurzer, rundgeschnittener Bart am Kinn	5940	
Winter-erbse	Sojabohne	3400	
Pantalons	Hose	5932	
Bind-leine	Seil zum Niederziehen des Wiesbaumes	7403	MEHRDEUTIG (4 Treffer) - erster Treffer gewaehlt (Band 1, Kennung -, Zeile 10334); 3 weitere Kandidat(en) ignoriert
bim	Schallwort für die Nachahmung hoher Glockentöne	1220	
Familien-herberge	von einem verlausten Kopf	5940	"eindeutig ueber Volltext ""(sch) von einem verlausten Kopf"" (fuehrender Klammerzusatz entfernt)"
Rauh-bauz	abgehärteter, wetterunempfindl. Mensch, bes. Junge; Draufgänger	5120	
ver-kichern	in einem fort kichernd lachen	5560	MEHRDEUTIG (3 Treffer) - erster Treffer gewaehlt (Band 2, Kennung -, Zeile 12404); 2 weitere Kandidat(en) ignoriert
Berg-fink	der Vogel Fringilla montifringilla	4210	
Vogel(s)-kirsche	wilde Kirsche (Prunus avium)	3110	MEHRDEUTIG (2 Treffer) - erster Treffer gewaehlt (Band 2, Kennung 1, Zeile 15986); 1 weitere Kandidat(en) ignoriert
Buben-graben	FlN in KU-Glmünchw	8140	
herzig	lieblich, schön	5210	
Bluts-kopf	Seebinse	3600	
Butzel-jahr	ein an Butzeln reiches Jahr	9600	
Stanz-platte	Andruckfläche für die Schneide der Lederstanzmaschine	7540	
jammerig, jämerig	nach Eßbarem verlangend	5910	
Borste	steifes, struppiges Haar des Menschen	5210	
Butz, Butzen	Strohwisch	7450	
Weiß-hafer	die Hafersorte Avena nuda	3330	
Ge-hänsel, -hansel	aufreizende Neckerei, Uzerei	7220	
Wasser-eidechse	eine Art Eidechse, Salamander, Molch?	4400	
häuten	die Haut abziehen	7565	MEHRDEUTIG (2 Treffer) - erster Treffer gewaehlt (Band 3, Kennung 1, Zeile 8871); 1 weitere Kandidat(en) ignoriert
ab-finden	etwas als unvermeidlich hinnehmen	6260	
Holz-schneiden	ein Kinderspiel mit dem Bindfaden	7360	
winkel-recht	im rechten Winkel zueinander stehend	9220	
zu-zwinkern	durch Augenblinzeln ein Zeichen geben	5510	
sein	existieren, vorhanden sein, anwesend sein	9100	
ein-nähen	annähen	7545	
ver-kotteln	heimlich verkaufen, vertauschen, verhandeln	7600	
ab-lumpen	abgewinnen	6430	
Leim(en)-kaute	FlN (Gewanne an einer noch bestehenden oder ehemeligen Lehmgrube	8140	
herüber-fahren	hinüberfahren	7820	
Back-olig	Öl, mit dem die Brote bestrichen wurden	7560	
Spinnen-fresser	Mensch mit dünnem Aussehen, hagerem Gesicht	5124	
Hunds-kasten	Hundehütte	4030	MEHRDEUTIG (2 Treffer) - erster Treffer gewaehlt (Band 3, Kennung -, Zeile 15541); 1 weitere Kandidat(en) ignoriert
Dreck-käfer	Kellerassel	4700	MEHRDEUTIG (2 Treffer) - erster Treffer gewaehlt (Band 2, Kennung 1b, Zeile 4679); 1 weitere Kandidat(en) ignoriert
Hampel-mann	Gliederpuppe	7360	
stammen	an einen Baumstamm anbinden	5520	
Eier-kegeln	Spiel der Kinder mit Ostereiern	7360	MEHRDEUTIG (2 Treffer) - erster Treffer gewaehlt (Band 2, Kennung -, Zeile 7640); 1 weitere Kandidat(en) ignoriert
Kohl(en)-brecher	wer in der Kohlengrube Kohle bricht	7525	
quackeln, quäckeln	sich (trotz guter Pflege) im Wachstum schlecht entwickelnbes. von Pflanzen	3020	
steifen	Wäsche mit Stärke steifen	7770	
rauh-werken	roh bearbeiten, zurichten, für die Endbearbeitung vorbereiten	7500	
Brullje(s)	Verwirrung, Durcheinander anrichten, Zerwürfnis hervorrufen	9320	
Hamme, Hammer	Bügel an der Sense, der in den Sensenwurf eingreift	7402	
Katzen-staffeln	ungleich geschnittene Haare	5940	MEHRDEUTIG (2 Treffer) - erster Treffer gewaehlt (Band 4, Kennung 2, Zeile 1636); 1 weitere Kandidat(en) ignoriert
ein-kramen	einpacken	9315	
Ofen	Heiz-, Stubenofen	7750	
Geiß	Holzgerüst, auf dem der Pflug befördert wird	7404	
Druck-wasser	nasse Stelle einer Wiese	2600	
Vier-markt	Stelle, wo sich vier Herrschaftsgebiete berühren	8160	
siebenellen-lang	sehr lang (von der Körpergröße)	5210	
Kindtauf(s)-kuchen	Kuchen zum Taufschmaus	5911	
Bauer	Besitzer eines bäuerlichen Anwesens	7400	
Sparkassen-buch	Sparbuch	7600	
hau	Schallwort, das Bellen des Hundes nachahmend	1220	
über-fahren	mit Farbe überstreichen	7590	
zusammen-rollen	zu einer Rolle formen, sich kugeln	9220	
Dreck-mensch	schmutzige, nachlässige weibliche Person	6134	
Ehren-bezeugung	militärischer Gruß	8500	
Huppser-maus	Hüpfmaus	4120	
herum-läppeln, -läppern	langsam und in kleinen Mengen essen (trinken)	5910	
Schmälz	schwarzbraune Rückstände beim Zerlassen der Butter	5910	
Nacht-teig	Teig, der am Abend vor dem Backen angesetzt wird	7560	
ab-pappeln	abschwatzen	5360	MEHRDEUTIG (3 Treffer) - erster Treffer gewaehlt (Band 1, Kennung -, Zeile 781); 2 weitere Kandidat(en) ignoriert
Achsen-nagel	Nagel, der durch den Schemel des Wagens geht	7403	
Hand-voll	was in eine hohle Hand hineingeht	9350	
Schnaps-glas	die Glockenblume (Campanula rotundifolia)	3500	
Sau-tier	schmutzige, liederliche weibliche Person (auch derbes Schimpfwort)	6134	
reihen, reigen	begatten, vom Geflügel und von Vögeln	4200	
Obstbaum-schule	Obstbaumzuchtanlage	7480	
Wald-honig	Honig von Waldblüten	7460	
Buttermilch-gesicht	bleiches Gesicht	5210	MEHRDEUTIG (5 Treffer) - erster Treffer gewaehlt (Band 1, Kennung -, Zeile 15588); 4 weitere Kandidat(en) ignoriert
Griebenwurst-därme	Därme für die Griebenwurst	7565	
Wappen	bildliches Abzeichen, Wappenschild	7595	
über-gießen	eine Flüssigkeit auf etwas schütten	7740	
Schlitt-haken	X-beiniger Mensch	5120	
Räuber-büschchen, Rauber-	aus dem Busch kommende böse Wesen	7350	
weit-läufig, -läuftig, -läuflich	verwandtschaftlich entfernt	7100	
Mücke, Mucke	kleines Äckerchen	7420	
Placken-schneider	Neckwort für den Spieler, der alles verloren hat	7380	
Riesen-quetsche	die große süße Bühler Zwetschge	3120	
Stein-kar	mit Steinen gefüllte Bodensenke	2800	
Revier-förster	Förster eines Forstbezirks	7550	
Brust	Mieder	5934	MEHRDEUTIG (2 Treffer) - erster Treffer gewaehlt (Band 1, Kennung +3b, Zeile 14369); 1 weitere Kandidat(en) ignoriert
Schönung	das Klären des Weins	7470	
Esel	dummer, einfältiger Mensch	6117	MEHRDEUTIG (3 Treffer) - erster Treffer gewaehlt (Band 2, Kennung 2a'a, Zeile 9942); 2 weitere Kandidat(en) ignoriert
Kerbel-soße	Soße aus süßem Kerbel	5911	
Allmend-stück	Grundstück in der Allmende	7420	
Bettel-mensch	weibliche Person, die über ihre Verhältnisse lebt	6130	
Finassel	Schimpfwort für eine Rothaarige	5160	
also	vollständig, ganz	9400	
Straf-rede	Tadel, Zurechtweisung	6333	
Knorr-backen	geschwollene Wange, bes. infolge von Zahnentzündung	5700	
aus-foppen	verspotten	7220	
Arsch-klopfer	der Lehrer	8400	
Krumm-schwanz	krumm in die Höhe gestellter Schwanz der Kuh	4111	
Vettel	schlampiges Weib	6134	MEHRDEUTIG (2 Treffer) - erster Treffer gewaehlt (Band 2, Kennung -, Zeile 14048); 1 weitere Kandidat(en) ignoriert
Spreite	Decke aus Schnee	2200	
Alles	Gott	8800	
ver-klickern	genau erklären, auseinandersetzen	7200	
Speise-kammer	Kammer zur Aufbewahrung von Speisen	7720	
pflastern, pflästern	das Dach decken	7710	
her-fahren	berühren (mit der Hand)	5520	
potterig, pötterig	mit Potten behaftet	5700	MEHRDEUTIG (2 Treffer) - erster Treffer gewaehlt (Band 1, Kennung 1, Zeile 12682); 1 weitere Kandidat(en) ignoriert
ver-pfeifen	verraten, anzeigen	8230	
Raum-hacke	kleine spitze Hacke zum Entfernen der Erde um die Rebstöcke	7470	
ein-reißen	vom Rande her einen Riß bekommen	9130	
Köhl-gemüse	Gemüse aus Kohlart mit krausen Blättern (Brassica var. acephala)	5911	MEHRDEUTIG (2 Treffer) - erster Treffer gewaehlt (Band 4, Kennung -, Zeile 4901); 1 weitere Kandidat(en) ignoriert
lang-nasig, -näsig	mit langer Nase	5210	
Dürr-leber	magere männliche Person	5144	
Kopf	Streichholzkopf	7750	
hopper-di-popperdi	knallartig, ungestüm, übereilt	5570	
steipen	sich abstützen bei Ermüdung (vom Körper)	5500	
Windel-placken	Gesichtsfleck, an eine verschmutzte Windel erinnernd	5210	
hinaus-leiern	sich verzögern	9600	MEHRDEUTIG (2 Treffer) - erster Treffer gewaehlt (Band 3, Kennung 2, Zeile 12425); 1 weitere Kandidat(en) ignoriert
Spargel	weiße Wurzelausläufer der Quecken	3900	"eindeutig ueber Volltext ""(sch) weiße Wurzelausläufer der Quecken"" (fuehrender Klammerzusatz entfernt)"
gullern	vom Ruf des Truthahns	4240	
oben-darüber	über etwas befindlich	9500	
Bodem-zins	Grund-zins	8220	
Hand-besem, -besen	Handfeger	7736	MEHRDEUTIG (3 Treffer) - erster Treffer gewaehlt (Band 3, Kennung -, Zeile 7576); 2 weitere Kandidat(en) ignoriert
Hutzel	Fruchtzapfen nur der Tanne	3110	
herunter-drehen	niedriger schrauben (vom Lampendocht)	7760	
Meer-weibel	der mit weit ausgestreckten Beinen über das Wasser gleitende Wasserläufer	4700	
vor-rennen	vorauslaufen	5533	
Welts-maschine	eine stattliche Frau	5160	MEHRDEUTIG (2 Treffer) - erster Treffer gewaehlt (Band 6, Kennung -, Zeile 12322); 1 weitere Kandidat(en) ignoriert
Zettel	Rechnung, Steuerbescheid	7600	
Presbyter	Kirchenältester	8870	MEHRDEUTIG (2 Treffer) - erster Treffer gewaehlt (Band 1, Kennung -, Zeile 13398); 1 weitere Kandidat(en) ignoriert
Trompete	Kaffeekanne des Arbeiters	7735	
Wein-pfalz	Weinbau betreibende Vorderpfalz	8160	
ver-seilen	mehr als nötig verbrauchen, bes. vom Nähgarn	7545	
er-obern	wirtschaftlich in die Höhe kommen, etwas erringen, erwerben	7600	
ver-tabakeln, -tabäkeln	zum Besten halten	7220	
Frau	Jungfrau Maria	8820	"eindeutig ueber Volltext ""(W) Jungfrau Maria"" (fuehrender Klammerzusatz entfernt)"
demütig	bescheiden, scheu, ängstlich	6280	
flächsen, flächsern	mit Flachs bestellt	7490	
Speiche	Sprosse an der Leiter des Bauernwagens	7403	
Herz-bumpern	Herzklopfen	5320	
ver-schmieren	durch Schmieren aufbrauchen	9400	
Ureß-macher, -mächer	wer seinen Teller nicht leer ißt	5910	
herüber-galoppieren	im Galopp auf die Seite des Sprechers kommen	4112	
Haber-geiß	in der späteren Jahreszeit geborene Ziege	4115	
Krotten-weed	Weiher im oder beim Dorf	2600	
Drescher	wer oft prügelt	6112	
Mit-gänger	Begleiter eines Fuhrwerks	7403	MEHRDEUTIG (2 Treffer) - erster Treffer gewaehlt (Band 4, Kennung +, Zeile 14464); 1 weitere Kandidat(en) ignoriert
