in Ruhe lassen	6460
unsittlich	6510
verwöhnter Mensch	6110
verändern	9800
von Flecken reinigen (Kleider)	5932
für sich einnehmen, einen günstigen Eindruck auf jemand machen	7020
immerzu, ununterbrochen, ohne Ende	9400
großes Bündel, großer Ballen	9220
Holzaxt	7520
modisch gekleideter Herr	5140
Birkenpilz (Boletus rufus Schaeff)	3510
Katharrh mit Husten und Schleimaussonderung bei Pferden	4112
Kau-, Beißwerkzeug im Mund von Lebewesen	5360
Zimmer, in dem die Lehrer beraten	8400
durch Schlagen, Stoßen eine Beule machen	9800
eine Art Weinbeeren	7470
mit jemanden verkehren, Umgang haben	7010
eine gesicherte Position, Arbeitsstelle verschaffen	7500
schleudern	9800
die gleichzeitige Heirat zweier Geschwister	7321
mit Pfeffer würzen	7740
Bier, das nach dem Einschenken vom Hahn abtropft	5920
wer wählerisch ist beim Aussuchen eines Ehepartners	6110
sich mit einem Fahrzeug fortbewegen	7820
im Haus herumwirtschaften, aufräumen	7780
erste Januarwoche	9600
Ringelblume (Calendula officinalis)	3800
umgänglich	6280
schwafeln	7210
Tuch, das als Frauenkleidung um Rücken und Brust geschlungen wird	5934
Wasser zur Suppenbereitung	5910
Aufforderung zum Halten für Ochsen	7403
Entwässerungsgräben ziehen; Wiesen durch Stauen unter Wasser setzen	7900
schäbig, schlampig (von der Bekleidung)	5932
seine Notdurft verrichten	5340
Unrecht, Fehler	6520
Riedgras (Carex stricta)	3600
übertrieben untertänig, speichelleckerisch	6280
gern Leckereien essen, naschen	5910
aus dem Sack locken, abgewinnen	7390
von einem geschwätzigen Mund	6110
tupfend leer machen	5520
an jemand (an etwas) herumdrücken	5520
die oberen Jahrgänge der Volksschule	8400
dünner Straßenkot	7810
Eis am Boden eines Gewässers	2600
in Kreuzform errichteter Garbenhaufen	7440
behandeln, umgehen	7020
großes, schlechtes Messer	7530
Henkeltopf, in dem man Kaffee auf die Arbeitsstätte mitnimmt	7735
Metzger, der Schweine wagenweise schlachtet	7565
eine blaue, dünne Pflaume	3120
für Bruderherz	7351
Glied der Pfarrgemeinde	8820
Sumpfgelände	2700
dickere Schnur an der die zu trocknende Wäsche aufgehängt wird	7770
die Quelle der Lauter	8140
auf die andere Seite wälzen	9800
beliebte Mittagssuppe aus Kartoffeln	5911
trockenes Mischfutter	7450
wer viel Milch trinkt	5920
speicheltriefender Mund	5210
ruhige Wesensart	6280
Flächenmaß von einem halben Morgen	9360
übertünchen	7590
stark anfahren, hart anlassen	6333
mit dem Pflug noch vor dem (schmäler werdenden) Ackerende wenden	7404
dummes, rohes Frauenzimmer	6137
energisch durchgreifen, um Ordnung zu schaffen	6420
Bewegung, Zuckung	5500
nach innen gebogene Queraxt zum Zuhauen der Radkränze	7520
mager, dünn, knochig (von Beinen)	5210
ausgekochter Fettwürfel	5911
ausgewachsen, zur vollen Höhe herangewachsen	3020
wer bei einer Gerichtsverhandlung zuhört, ob alles richtig zugeht	8300
mit etwas in Berührung kommen	9312
eine Pferdekrankheit mit Fußschwäche und falschem Stehen als Merkmal	4112
leise furzen	5340
Lattenrost zum Abladen der Kartoffeln und Rüben	7800
Gelbrandkäfer (Dytiscus marginalis)	4700
in Art eines Besens	9220
Spinnfäden ziehen, ein Netz oder Kokon weben (von Spinnen, Rauben)	4700
Druck auf der Brust während des Schlafens	5700
Hundepeitsche	7450
Hausgrille	4700
unangenehme Nachwehen eines Rausches	5925
sehnige, schlecht genießbare Teile im Fleisch	5910
große Menge getrunkenen Alkohols	5925
durch Genuß von zuviel Schnaps eintretende Bewußtseinsverwirrung	5925
dürres Holz (Kiefer, Föhre)	7550
der aus Erde, Asche, Dung, Speiseresten und Jauche hergerichtete Kompost	7480
gut gemästetes, fettes Schwein	4113
Kotklümpchen an Schwanz und Hinterteil der Kühe	4111
Wasserbehälter beim Küchenherd	7740
Sicherungsverwahrung	8300
aufrecht auf den Füßen (Wurzeln, einer Basis usw.) stehen	9230
lang ausbleiben	5920
Trockenheit, Dürre	2200
Zuchtsau, Muttersau	4113
Schüssel, Becken zur Körperwäsche	5940
alte Uhr	7500
schlecht funktionierende Einrichtung, alte Maschine	7500
aufdrehen	5520
Werkzeug des Schusters	7540
Feldlerche (Alauda croensis)	4210
einen Vordruck	8400
irdene Kanne	7735
Wagen, auf dem ein Wasserfaß mit Gießwasser steht	7403
Scheltwort des Schäfers für das Schaf	4114
Ehering	5938
weibliche Person, die schlecht schreibt und malt	8400
Spindel der Kelter	7470
herausholen (Worte)	7200
Lippe, herabhängende oder vorstehende Unterlippe	5200
älterer Tuchstoff	5931
Neckn	8150
Hanf oder Flachs in der Röze mürbe machen	7490
zuverlässig, treu	6510
hügeliges Land	2800
widersprechen, frech antworten	6440
herbeitragen, heranbringen	7800
Gerümpel, Abfälle, Schmutz	9320
unordentliche Frau	6134
Brühe aus Knochen gekocht, Kraftbrühe	5911
Aufsichtsbeamter für den Weinbau	7470
in Rechnung stellen	7600
Kleiner Grasplatz	7450
Hinweis zur Erregung der Aufmerksamkeit beim Überreichen eines Gegenstandes	1230
Abrichtepeitsche (des Reitlehrers)	4112
dicker Kuchen	5911
von der anderen Seite zum Sprecher laufen	5531
Loch im Stock des Ankers, zur Aufnahme des Bolzens	7500
Champignon (Psalliota camp.)	3500
Spaßmacher, der andere gern neckt und zum besten hält	7220
deuten	6250
böse schauen, für böse auslegen	6333
ein fauler Mensch	6114
die Armen des Ortes	7010
Strohbindevorrichtung an der Dreschmaschine	7402
nicht viel	9400
Huhn, das sich mausert	4240
schwarzer Frauenmantel, der zur Trauer getragen wird	5934
sichelartiges Messer zum Hauen von Reisern	7402
Ende, Schluß	9314
Hilfsmittel zum leichteren Behalten des Lehrstoffs u. dgl.	8400
Schnabeltasse	7736
Kaffeetasse ohne Henkel	7735
Doldenschirm der wilden Gelbrübe	3400
Fleisch vor dem Braten in Eiweiß und Semmelbrösel oder Paniermehl hüllen	7780
im Scheuchruf für Rindvieh	7451
Einstecktasche im Buch	8400
Feldbestellung	7430
Lockruf für Kühe	7451
im Feld gebrauchter Karst	7402
Selleriesalat	5911
kleine Kapsel mit stinkendem Inhalt	5430
entkommen	5532
die Pilzkrankheit Oidium	7470
Merkmal der Eibefruchtung	5350
Feuerhaken, mit dem der Schmied in der Esse hantiert	7530
Stadt im Elsaß	8130
unnützer, unbrauchbarer Hund	4117
kleine Bürste zum Auftragen der Schuhcreme	5937
Baumschule im Wald	7550
Aster erigeron	3500
Tannen- oder Fichtenzapfen	3110
Larve des Bandwurms	4500
vom Regen aufgesprungene Trauben	7470
verächtlich von Kleidern überhaupt	5934
nasenförmiger Vorsprung am Schließkloben der Tür, am Türschloß	7720
durch etwas hindurchschauen	5410
Stück Gewebe, im bes. Decke, Teppich	5930
durchgehen, ausreißen (von Pferden)	4112
entwenden	8320
Schränkchen mit Fächern und Schubladen für Gewürze	7740
Rückstand beim Keltern von Birnen	7480
Acker mit winkelförmigem Grundriß	7420
herumziehender, müßiggehender junger Bursche	6124
feuchte, saure Wiese	7450
Pferdekummet	7403
Klebstoff	7500
Pfirsiche zum Einmachen, auch eingemachte Pfirsiche	3120
Stange im (geflochtenen) Dorfzaun	7520
Rute zum Verabreichen von Prügeln	5521
Aussparung für die Fischreuse	7570
Werkzeug zum Pressen	7500
Mädchen, das häufig mit den Augen blinzelt	5160
zielen	8500
Blutwurst mit beigemengten Speckgrieben	7565
kleiner Reisekoffer	7850
auf dem Herweg	9500
rot, vom Haar	5210
ausschwefeln (Fässer)	7470
Brot (Musikantenspr)	5910
nachgiebig sein, vernachlässigen	6560
sich mit jemand a.	6333
das zweite Glockenläuten vor dem Gottesdienst	8830
wer beim Klickerspiel alle Klicker verloren hat	7370
Puppe aus Lumpen	7360
Wechselrahmen für Bilder	8600
saure Gräser	3400
Absonderung der Leber	5340
wie eine Kugel rollen	9800
weiße Weintrauben	7470
Schmiermittel für Scharniere, Apparate, Radlager am Wagen	7500
schmerzhafte Hornhautbildung am Fuß	5700
Stift auf der Deichsel, der das Herausgleiten der Haltekette verhindert	7403
Teig für Waffeln	5910
Spaßvogel, der andere gern hänselt	7220
kastenförmiger Ofen mit und ohne Aufsatz aus Blech	7750
wer besonders leicht von Flöhen befallen wird	5120
aus Waldrodung entstandenes, gegen Abgabe überlassenes Land	8221
bösartige Frau mit Namen Eva	6132
die Pflanze Satureia hortensis	3700
Das mit Wasser gefüllte Faß schwenkend reinigen	9230
Kuß von einem kleinen Kind	6332
Mazurka (Tanz)	8740
Rast machen	9800
Benehmen der Kinder (von kindischem Verhalten Erwachsener)	7020
Begleitung	9312
Tadel, Strafpredigt, Zurechtweisung, Staucher	6333
Jägerei	7550
geradliniger Durchhau im Wald, Weg zwischen zwei Waldstücken	7550
Ring am Geschirr der Zugtiere, durch den der Strang der Lanne geht	7403
Förmchen für Plätzchenteig	7560
kesselförmige Vertiefung beim Spiel Hurrsau	7360
männliches Glied	5200
beruhigend am Kinderwagen wackeln	5830
eine Last hinter sich her ziehen	7800
unbeholfen gehen, umherstampfen (von Kindern, die laufen lernen)	5830
das im Zweiergespann links gehende Pferd	7403
das Wiederkäuen der Tiere	4111
Brotaufstrich	5910
große Schneidezähne	5360
Made, Larve im Obst	4700
Wacholder (Juniperus communis)	3220
nicht fest, wabbelig	9220
das vom Kloster Hornbach bestellte Gericht	8300
heraushängender Nasenschleim	5340
ohne rechte Lust in kleinen Bissen essen	5910
mit Wasser besprengen, gießen	9315
Quertreiber, der gerne Unfrieden stiftet und Zwietracht sät	6122
unausgebackener Kuchen	7560
Orchideenart, deren Blüte der Fliege ähnlich ist	3500
Schnabel des Hahns	4240
wer oft hörbare Winde streichen läßt	6116
das Land Hessen	8160
auf geschickte Weise verschaffen	6420
bedeuten, besagen	9330
etwas lebhaft erörtern	7200
Traube mit länglichen Beeren	7470
Nest der Rabenkrähe, der Saatkrähe	4210
der Rücken eines Hasen, eines Rehes	4130
Hemmschuh mit scharfen Eisenzacken, der bei Glatteis verwendet wird	7403
Gott Wodan	8810
in etwas	9300
sechzig	9320
durchbringen, verjubeln	6560
Fastnachtsnarr	7310
mit Geröll gefüllter Abzugsgraben	7900
Kegelklub	7390
mit schwerem Schritt nach draußen gehen	5532
durch Hacken lockern	9311
schlechter Wagen	7403
Gehilfe des Waldaufsehers	7550
gut durchbacken	7560
Abgabe für eine Kuh	8220
zum Brüten neigend, brütend	4240
samentreibender Zwiebeltrieb	3400
von niedriger Gesinnung	6280
abgleiten	5550
Polsterring zum Tragen von Lasten auf dem Kopf	5932
Kaffeegetränk, in dem Rückstände schwimmen	5920
Eimer, in den die Wäsche nach dem Auswaschen kommt	7770
Leiter eines Postamtes	7840
sich hin und her bewegen, flattern	9800
Tisch, dessen Platte ausgezogen wird	7730
Nutzbäume eines Forstreviers	7550
Kuh (KS und Lockruf)	4111
von fieberigen Krankheiten	5700
hingelangen können	9500
desgleichen	9312
Reseda (Reseda odorata)	3500
leichterer Rausch	5925
Aufhebens, Getue, Kram	9400
vorbeigehen	5530
festgelegte Zeit zum Üben	8400
Gemüsesuppe	5911
Schlag auf den Mund	5521
sicherlich, gewiß	6440
Salat aus den Blättern des Löwenzahns	5911
streitsüchtige Frau	6132
Schule für angehende Weber	7545
in großer Anzahl	9400
Stachelbeerkuchen	5911
für Protestanten, von Katholiken gebraucht	8820
etwas belassen, überlassen, zurücklassen	9800
hinter sich haben	9314
Lokomotive des Kuseler Zuges	7830
einen genauen oder ungefähren Zeitpunkt bezeichnend	9600
Schüssel, aus der der Kunstdünger ausgestreut wird	7402
durch Klopfen etwas reinigen	7480
Klatschbase	6135
kleines, kurzes Ohr; kupiertes Hundeohr	5210
Begleiter des Christkindes	7350
Einfassungsrand des Tisches	7730
Diphterie (Halskrankheit)	5700
etwas hinaufziehen	9800
Mürbegebäck	5911
Entschädigung für erlittene Schmerzen in Form von Geld	8300
Kessel zum Pflaumenmuskochen	7735
Drückeberger	6550
beim Rebschnitt die obersten Augen entfernen	7470
durch Rennen abstoßen, abreißen, beschädigen	5530
Wange mit Geschwürnarben	5210
auf der Herdplatte geröstete Kartoffeln	5911
durch Treten abnützen	9130
mit Spreu gefüllter Bettsack oder Bettbezug	7730
wollener Kniewärmer	5932
Kleeacker	7420
Schmeißfliegen und deren Maden; Ungeziefer überhaupt	4700
Klee (Trifolium)	3400
normale Kleidung im Unterschied zur Uniform	5932
Mensch mit dichtem, lockigem Haar	5120
FlN, Viehweide	8140
der zusammengewachsene Schlüsselbeinknochen des Hahns	4240
lautes Jauchzen	5560
Verfinsterung der Sonne, des Mondes	2100
gedeckter Apfelkuchen	5911
darunter anziehen	5932
Sonntag nach der Fastnacht, Sonntag Invokavit	8860
Bild, Photographie	8600
Bütte zum Waschen der Kartoffeln	7735
Entlohnung in Wein für Ladearbeiten	7620
wer viel Geld hat	7010
nach Hause treiben	9500
Windhölzer am Heuwagen	7403
Frau, die Botengänge machte	7500
anbauen	7440
Speisen, Getränke herunterschlucken, Schluckbewegungen machen	5360
Sankt Georg und der ihm geweihte Tag (23. April)	8860
schwerfällig-wackelnd dahingehen	5530
Stange, die zur Anwaage gehört	7500
Fuhrmann	7403
gelbe Futterrübe	3400
zwischen den Mahlzeiten essen	5910
Weinberg, in dem die Reben an Spalieren gezogen werden	7470
Abgabe von besonderen Grundstücken	8220
Mülldeponie	8220
Reifezeit der Edelkastanien	3120
Gericht, Justiz	8300
unter dem Wert verkaufen, verramschen	7600
durch Schlauchpilz verursachte Mißbildung an Zwetschgen	3120
die Zigarre, schlechter Tabak	5921
Preßrückstand beim Keltern	7470
Muttermal	5210
Schutzhütte im Wald	7550
wer Unsinniges daherredet	6117
Schuhe zum Zuknöpfen	5937
unwohl, schwindelig	5700
durcheinander, verwirrt	9320
Nacht-, Mordbrenner	8310
die fünf Finger der Hand	5200
auf der Hut sein	6450
krummes Tisch- oder Stuhlbein	7730
Tanzlehrer	8740
Keimansatz der Kartoffel	3400
Teil des Wagenrades, das die Bereifung trägt	7820
aus dem Gedächtnis entschwinden	6230
an der Pferdekrankheit Rotz leidend	4112
Schmaus, Freß- und Saufgelage, Lustbarkeit	7330
ungeschickt anfassen und dabei zerdrücken oder beschmieren	5520
Gerät zum Ausheben von Gräben	7900
trockene Wiese	7450
hindurchwerfen	9800
Ohr für den Stiel an Geräten	7500
auf dem Zahnfleisch kauen	5360
ein Schiff anlegen und mit Stricken anbinden	7820
schwimmend überqueren	7340
der Zierstrauch Fuchsia gracilis	3800
Ferse des Strumpfes	5937
wichtigst, hauptsächlich	9240
Abflußrinne für Jauche im Stall	7410
männliche Person mit schlechtem Benehmen	6126
eine Art wilder Wicken	3500
zwei zur gleichen Zeit von einer Mutter geborene Geschwister	7100
Attest für den tierärztlich untersuchten Hund	8220
Magd, die die Kühe melkt	7455
abfällige Bez. für einen Menschen mit schlechten Eigenschaften überhaupt	6116
stillvergnügt lächeln	6310
die Saat mit der Egge hineinschleifen	7440
rasches Zeitmaß	9600
schlechtes, wechselhaftes Wetter	2200
Arm in Arm gehen	5500
kleine Walze des Gärtners	7480
Kopf, Stirn (sch)	5200
hochmütig umhergehen, spazieren	5530
drücken	9800
um etwas herum gehen	5530
Abteil für Fohlen im Pferdestall	7410
gute Erde im Garten	2700
im Wachsen befindlich	9230
mit der Hand weit ausholen	5520
Feigling	6126
durch Wischen entfernen	9311
auf eine Stunde bezogen, pro Stunde	9600
rennend herunterstoßen	5550
Alkohol trinken	5925
in kleinen Stücken ruckartig abschneiden	9311
Gänsehirtin	7450
Protokollbuch über die Gerichtsverhandlungen	8300
als Einleitung zu einer Feststellung im Gespräch	1140
Peitsche mit dünner Hanfschnur am Ende, die den Knall erzeugt	7403
Kleinfleisch mit viel Knochen	7565
Spanier	8160
Afteröffnung bei Mensch und Tier	5200
wer nicht empfindlich ist, von nichts berührt wird	6110
großes Tuch aus Hanfleinen, das man bei Regen über den Erntewagen deckte	7403
ausgestattet	9315
seitlicher Haken am Zugscheit zum Einhängen der Zugstränge	7403
Stellen, Plätze	9500
flacher Hut	5936
durch Überanstrengung schwächen	7450
altes Kleidungsstück	5932
Wasserspinne	4700
eine Apfelsorte, deren Geschmack an Zimt erinnert	3120
Wingertsdarm	3500
Hausrat, Ausstattung, Erbe, Vermögen, Plunder	7730
schwer arbeiten	5540
Name einer kleinen Kirche auf dem Winterberg in PS-Erfw	8140
die Pflanze Anagallis arv.	3500
Ruchgras (Anthoxanthum odoratum)	3500
Schiefertafel	8400
senkrechter Seitenabschluß am Dach	7710
das erste Tageslicht	2100
Zaun mit spitz auslaufenden Eisenstäben	7530
Gebühren für Amtshandlungen	8220
gefleckt (vom Vieh)	4111
mit Kieselsteinen spielen	7360
Darmverschlingung bei Pferden	4112
Petroleumfaß	7500
lange Holzscheite zum Heizen des Backofens	7560
Brustteil des Männerhemdes	5933
mit Maisbast gefüllter Sack (als Unterlage im Bett)	7730
ein im Schnapsrausch gezeugtes Kind	5350
Arbeitsraum des Friseurs	7500
mit dem Finger anstoßen, berühren	5520
Niederwald, junger Laubholzwald	3110
Geschäft	7600
Name einer Gasse	8140
Reise über das Meer	7850
Mädchen, das abends herumstreicht	6136
großer Hahn am Faß	5920
Tuch zum Aufnehmen von Urin und Stuhl des Säuglings	5830
ohne Mut	6405
leichtsinniger junger Mann	6127
Rosenduft	5430
Spitzbärtchen des Mannes	5940
Gericht aus dem eingesalzenen und gekochten Rippenstück des Schweins	5911
wer auf großen Gewinn aus ist	6110
eine alte Jungfrau	5165
schnell	6430
Überschwemmung, Überfluß	2600
heimlich durchgehen	5530
filzig werden	9230
Frauenflachs (Linaria vulgaris)	3500
hinabrinnen	9800
Limburger Käse	7455
bein einer Stubenfliege	4700
ein kleiner Mensch, kleiner Junge	5122
über den Rand schwappen (von Flüssigkeiten)	9230
mit Öl einreiben	9315
Arbeitskraft	7500
durch Schießen als Kampfpreis gewinnen lassen	7300
Tagegelder	7620
mit Getreide beladener Wagen	7403
Ort im Kr. Kusel	8130
derber Knüppel, Prügel	7520
ohne jeden Zweifel wahr	6530
gefräßiger Magen	5340
der in den Bach Bläffende (Scheißende)	5120
Leinen mit eingewobenen Figuren; feines Tischzeug mit Figuren	5931
Neckname für die Bewohner von KU-Eschau	8150
Gehrock, Frack	5933
laut hinauslachen	5560
notwendigerweise	5900
Bekannte, die gerne ein Schwätzchen halten	7010
Steinhauer, der viel schafft	7525
aufreizen	6333
große Trommel	8730
alter Rebstock; abgestorbenes, dürres Holz am Weinstock	7470
Blasrohr (Kinderspielzeug)	7360
wer dumme Pläne ersinnt	6117
Gerät zum Auflockern des Bodens im Weinberg	7402
ein wenig spreizen, sträuben, aufrichten	9230
verdrießlich, mürrisch	6320
eine rote Apfelsorte	3120
Kamm des Huhnes, des Hahns	4240
Zauberbrief	8810
leicht erregbare Person	6110
Sieh mal an! (Ausruf der Überrraschung, des Erstaunens)	1230
Bindeholz am Heuwagen	7403
Erbsen, Erbsengemüse, Erbsensuppe	5911
sich oder etwas beschmutzen, Getränke oder Essen verschlabbern	9320
Tiere herbeilocken	7451
Hebelstange mit Haken zum Drehen der gefällten Stämme	7550
Möbelstück mit großer Schreibplatte	7730
mit dem Pflug wenden	7430
Schlehenpflaume (Prunus insititia)	3120
mit Grund und Boden ausstatten	8330
geistige Bedeutung, Gehalt; Sinn, Zweck	9700
närrischer Mensch	6117
aus Tüll	5931
Weinmaß (300 l)	7470
Dämmerung	2100
Heizer	7750
in der Kirche ein Opfer darbringen, Geld spenden	8840
senkrecht	9500
sich hin-, schlafen legen	5600
Gewehr mit Feuerstein als Funkengeber	8500
anschwellen	5700
tüchtig essen	5910
Interesse haben für	6332
waten	5530
sehr ruhig, äußerst gelassen	5500
Spitzname eines Mannes in KU-Kreimb Kaulb	7110
Jahresmaisernte	7440
durch Zauberei verwandeln (vom Menschen)	8810
freistehender eiserner Herd	7740
angenehm sein, gefallen, belieben	6332
Strieme, Blutstreifen	5700
Fahrt aufs Land, um sich mit Lebensmitteln einzudecken	5910
zweimal dasselbe gemacht	9400
ein Gebäck	7560
mit spitzer Mundpartie ausgestattet	5210
Gemüse vor dem Winter mit einer Erdschicht bedecken	3400
Fettwulst am Körper	5210
hinausbegleiten	5532
bei der Weinlese getragene Schürze	7470
warten, ausbessern, renovieren	7500
männliche Person	5130
Neckname für einen hageren Menschen	8150
Land in Fernost	8160
(lästiger) Sperling, Gesamtheit der Sperlinge	4210
ein Hundename	4117
Lettenschicht im Boden	2700
Weißrübe (Brassica rapa var. esculenta)	3400
der Stengel der Sonnenblume	3800
Gärgeschmack	5440
vom Vater hinterlassen (bes. von Erbschaften)	8300
prächtiges aufsehenerregendes Kleid	5934
der Magen der Haustiere, insbes. des Schlachtviehs	7565
Birkenpilz	3500
großes Wasserfahrzeug	7820
wieder zum Vorschein kommen	9800
den Dienst aufkündigen	8300
Luft, die von einer Fabrik herüberweht	2300
Gurke, die man zur Zucht von Samen ausreifen läßt	7480
besonders schönes Gesicht	5210
bevor	9600
Schalotte (deren Knolle aus mehreren kleinen Zwiebeln besteht)	3400
bestimmter Tag, an dem im Wald Holz gelesen werden darf	7550
mit einem spitzen Gegenstand in etwas herumbohren	5520
mit Pfählen abstecken	7420
ein paar Tage u. ähnl.	9600
Ort an der Lauter im Kr. KU	8130
Kopf mit ungeordnetem Haar	5940
Besitztümer zusammenraffen	8330
Kopf, Hirn	5200
Bewohner des Dorfteils am Kanal	8160
Vorsitzer in der Gemeinschaft der Kirbeburschen	7311
Kranz winden	5520
Apfelwein	5920
schlüpfrige, zähe Masse, als Körperausscheidung, Auswurf	5340
sich heftige Vorwürfe machen	6520
Koralle als Schmuck	5938
aus Schafwolle	7545
weinen, klagen	5560
Redensweise eines Menschen aus der Stadt, Sprüche	7210
Öl aus Mohnsamen	5910
verzeihen	6332
Müßiggang	6520
schmerzlicher Verzicht, unter schmerzlichem Verzicht erbrachte Leistung	6450
Tal bei einem Faulbrunnen	2800
Vorrichtung zum Verladen von Fässern	7800
sterbensübel	5700
Innensohle in Schuhen, aus geringerem Leder	7540
Eckensteher, Tagedieb, Strolch	6124
etwas in einen Behälter hineindrücken	5520
mit Tuffstein gemauerte Wand	7510
lässig umhergehen	5530
Wüstung, später Hof bei RO-Gerb	8130
eine amtliche Entscheidung treffen	8210
rasch zusammenraffen	5520
unsicher, jedoch hastig gehen (von einem Betrunkenen)	5533
zerstrittenes Verhältnis	6333
wer Holz bearbeitet	7520
zur Hube gehörender Wald	3110
Grammophonplatte	8700
Kopfzerbrechen	6250
breitblätteriger Wegerich (Plantago maior)	3500
Gehege für Hirsche und Rehe	7550
geschwätzige Person	6135
Wasser, das sich in einem Baumstumpf gesammelt hat	2200
Wind aus westlicher Richtung	2300
mächtig groß	9210
die Schulnote 3	8400
Holz, von dem die Lohrinde abgeschält wurde	7550
beginnen	9313
Tanzfest	8740
Frau, die viel und Schlechtes über andere redet	6135
gesinnt sein	6260
aus Spielerei Streichhölzer anzünden	9230
wegfahren, abreisen	7850
ein typischer, überzeugter Franzose; ein frankophiler Mensch	8160
Strafe	8300
von einer Verletzung, einem Schlag herrührendes Mal, Narbe	5700
Mensch, der schwer an seine Berufgeschäfte geht	6114
etwas Besonderes	9240
Kind, das noch Windeln trägt	5830
rasch trinken	5920
der vom Dachrand tropfende Regen	2200
massenhaft herunterfallen	3120
abendliche Zusammenkunft zum Kartenspiel	7380
Kosewort für ein liebes Kind	5830
angemessen, recht	9240
würfelförmig gepreßter Zucker	5910
Sabbatanzug der Juden	5933
nur Part. Perf.: vom Pferd, das hinten höher ist als vorne	4112
schwachbegabter, unbeholfener Mensch	6117
aufrecht	5500
dickes Kind	5120
schmale Häkelspitzen	7545
vom Tropfen der Nase	5300
Schwätzer	6111
kleiner, rundköpfiger Schuhnagel	7540
finanzielle Belastung einer Gemeinde durch Armenfürsorge	8240
Auffahrt	7810
Wangen mit knotigen Auswüchsen	5210
über die Ufer treten, über den Rand laufen, überbrodeln (Flüssigk.)	9230
eine Vorstellung von etwas	6240
Kissen als Auflage auf den Stuhl, die Bank	7730
Obstbäume veredeln	7480
eine (schwarze) Hühnerrasse	4240
eine Fischart	4310
Apfelbrei mit verschiedenen Zutaten	5911
verliebt, heiratslustig	6332
Garnisonsbäcker	7560
über etwas hüpfen	5550
auflauernd festnehmen	8230
Teile der Bettausrüstung	7730
mit Tupfen versehen	9220
in einer Straße bettelnd von Haus zu Haus gehen	6410
zum Militärdienst gezogener junger Mann	8500
Lügengeschichten	7210
klopfen	5520
heftiges Kneifen in den (Oberarm)	5520
Geschirr der Fahrkuh	7403
Heilbad	8120
weich, morsch (vom Obst)	3120
Durcheinander, Filz (vom Haar)	5940
Eisblumen	2200
Schleimpfropf im Hals, Auswurf	5340
humusdurchsetzte, fruchtbare Erde	2700
zerknittern	9800
entwischen	5532
Lanzenreiter	8500
der Autolenker	7800
mit hohen Bäumen	3100
plumper, schwerfälliger Mensch, dickes Kind	5120
mit heftiger Bewegung (her)abreißen	9311
von der Taschenlampe	7760
im Sterben liegen	5870
Speise aus geschnittenen Bohnen	5911
ineinander gerolltes und als Knoten befestigtes Haar	5940
Schwarzkümmel (Nigalla damascena)	3700
äußeres Ansehen, Wertschätzung durch andere Menschen	6520
schmales Mauerstück zwischen zwei Fenstern	7720
eine vorwiegend im Meer lebende Aalart	4320
Vogelmiere (Stellaria media oder holostea)	3500
nicht fest, locker, lose (von Gegenständen)	9311
Nacken, Genick, Kragen	5200
vom Wind zusammengewehter Schnee	2200
wer ungestüm zulangt, eilig zusammenrafft und wegnimmt	6116
Futterleiter über der Krippe im Stall	7402
schlimm	9240
steif, in der Bewegungsfähigkeit eingeschränkt	5230
dem abgeteilten und abgewogenen Teigstück die Brötchenform geben	7560
Fuchsbau	4030
an das Fahren (Ziehen) gewöhnt (von Ochsen)	7403
Lehnstuhl	7730
Ausruf der Verwunderung	1230
durch Wassermangel, Alterung schlaff (von Pflanzen)	3020
aufgerührt, zu Ausschreitungen geneigt	6510
in eine unangenehme Lage kommen	9110
Gerät mit schartiger Schneide	7736
täppisch, ungeschickt umhergreifen, -tasten	5520
großer weißer Fleck am Kopf des Pferdes	4112
Stangenwicken	3500
Joppe mit Gürtel	5933
wer etwas klein schneidet	9311
tüchtig schütteln, damit Staub und Fasern wegfliegen	5930
mannstoll	6405
auf die Rechnung schreiben, anrechnen	7600
Teig für Eierpfannkuchen	5911
Zuckergebäck in Sternform	5911
Schauder, Grauen	6320
Faustkämpfer	7340
ruhen lassen	9800
Herr des Bannes	8210
Quälerei	6320
mit der Schaufel säubern	7500
von lang andauernden Sprechversuchen des Kleinkindes	5360
im Spiel die Klicker abgewinnen	7370
sehr großer und starker Mann	5141
Durchlaß im Flußdamm	7900
altes Haus	7710
wer viel und zugleich dummes Zeug redet, Schwätzer	6117
frauenhaft	5150
glänzender Rockärmel vom darauf abgeputzten Nasenschleim	5940
Spieß, daran Eisen mit langen Federn geschlagen sind	8500
Kristbaum	7310
Schürze	5932
Ratte im Keller, Hausratte	4120
dicht beieinander sitzen	9312
Grundstück auf kiesigem Boden	2700
Blütenstand der Erle	3110
das Gewinsel eines Hundes	4117
kurzes Schläfchen, Nickerchen	5600
schwächlich, armselig	9240
Pulverblättchen	7360
plötzlich hervorkommen	9316
Name von Feldstücken	8140
herbeiholen	7800
für den Faßboden vorgesehene Nute im Daugenkopf	7520
Plauderei, Klatsch, Lügengeschichte, üble Nachrede	7210
Flug der Wildenten	4230
gefaulter, breiiger Käse; überreifer Handkäse	7455
derb Mund	5200
halb aus Wolle bestehend	5931
Lichtloch im Dachgiebel	7720
nach oben ziehen, drehen, wickeln	5520
veraltete kleinste Gewichtseinheit	9370
Sachverständiger	6250
Haushälterin des katholischen Priesters	7780
Hirt, der die Kühe des Dorfes hütete	7450
plumpes Gehen und Auftreten	5530
entbehrungsvoll absparen	9110
Sportmütze	5936
Feldstück im Eigenbesitz	8221
torfartige, kockere Erde	2700
Wange mit Narben	5210
Rederei, Gespräch	7200
nach vorn ziehen	9800
dickbäuchiger Mensch	5123
Soldatenleben	8500
in Schwierigkeiten geraten	9110
große Hornbrille	5932
Schwanz der Kuh	4111
von den herabfallenden Niederschlägen	2200
kleiner Graben zwischen zwei Wiesen; Grenze	8221
mit Bezug auf eine Person oder Sache	1130
sich ständig hin- und herwiegendes Stalltier	4110
mit hohen Tönen anhaltend jammern, klagen	5560
leichtes Frauenkleid für die Heuernte	5934
zum Geschirr für die Arbeit im Weinkeller gehörendes Seil	7470
Pferderasse mit schlankem Körper und dünnen langen Beinen	4112
brummen	5560
klatschen	5520
verbotenes Glücksspiel in der Art des Rouletts	7390
um den Leib geschnallter Geldbeutel	5932
Schaf allg.	4114
Holunderschößling	3210
Neckname (für die Bewohner von IB-Rohrb)	8150
Bewohner von Neustadt	8160
unbekannt	6250
beim Fahren verwendetes Halfter	7403
umschlagen, umfalten	5932
Wasser enthaltend	9230
knusprig backen	7740
von seiner Meinung abbringen	6460
Besuch am Sonntag	6421
die Sagengestalt Riese; außergewöhnlich großer Mann	5141
nach vorn	9500
Backarbeit	7780
Profitgier	6520
Feigling, zaghafter schüchterner Mensch	6110
jenesmal, damals zu jener Zeit	9600
das Schneiden der Reben im Frühjahr	7470
eisernes Schutzgitter außen vor dem Fenster	7720
lässig dahingehen	5530
Salzbrühe im Heringsfaß	5910
große Feder im Vogelflügel	4200
Schmiedewerkstatt des Bannschmiedes	7530
von hier, aus diesem Ort	9500
dunkel (vom Fell der Kuh)	4111
von einem Mädchen, das noch nicht verlobt ist	7321
viele Würste	7565
als Ausdruck der Verwunderung	1230
beraten	6450
Reifen am Boden der zinkenen Brenke	7530
alljährlich in Landau begangenes Blumenfest	7310
Gemeindeförster	7550
geknotetes Taschentuch (im Spiel)	7360
Schimpfwort auf einen schlauen Menschen	6111
die beim Abladen des Getreides vom Wagen herabfallenden Körner	7440
Bein einer Spinne	4700
durch leichtes, streichelndes Berühren einen Juckreiz hervorrufen	5520
gereizter, böser, falscher Mensch	6112
dünn wie Fließpapier	9212
Glockengeläut am Abend	5420
monatliche Tanzmusik, abwechselnd in verschiedenen Lokalen	8730
den Klicker mit dem Finger schnellen	7370
diebischer Mensch	8320
kaufen, erwerben	7600
Schlamm, Morast	2700
überall bekannt	6250
Zwiebelstengel, Zwiebel, Schalottenzwiebel	3400
Kaliumtetraoxalat (das früher aus Sauerklee gewonnen wurde)	9230
steinerner oder hölzerner Trog (als Viehtränke)	7450
triefen (vom Auge)	5700
ungestört, unbehelligt	6430
Öse für den Schnürsenkel am Schnürschuh	5937
glatthaariger Hund	4700
hintere Klappe aus Stoff an der Knabenhose	5933
wütend sein, Groll hegen	6320
unruhig sitzen, hin und her rutschen	5550
Handwerksmeister mit wenig Hilfskräften	7500
Baumstumpf	3100
unverschämter, grober Mensch	6116
begattungswillig	5350
blaugeschlagenes Auge	5521
ambulanter Kümmelhändler	7600
Steckzwiebel	3400
herumrennen	5533
Grenzstein (auch als Flurname belegt)	8221
oberer Bestandteil des Butterfasses	7455
mühsam und hörbar atmen (vom Rindvieh)	4111
schlagend berühren	5450
Pflänzchen, die aus Samen entstanden sind	7401
hiesig	8100
mit den Fingerknöcheln an den Kopf schlagen	5521
auffallend	5400
der mit Bretterboden und Seitenbrettern versehene Wagen	7403
ein Mensch, der gerne liebkost und schmust	6332
Dünger mit dem Grubber in den Boden bringen	7402
durchtriebener Mensch; Spitzbube	6112
verwahrloster Mensch	6114
Saft der beschnittenen Rebe	7470
Holz, Laub, Steine von den Wiesen ablesen und die Maulwurshaufen beseitigen	7450
die Mühlsteine mit der Bille riefen (schärfen)	7580
gleichzeitig fein regnen und schneien	2200
Gitterstab	7530
Komposthaufen, Kehrichthaufen	9220
Viehfutter aus gepreßtem Sesam	7450
kurzer, rundgeschnittener Bart am Kinn	5940
Sojabohne	3400
Hose	5932
Seil zum Niederziehen des Wiesbaumes	7403
Schallwort für die Nachahmung hoher Glockentöne	1220
von einem verlausten Kopf	5940
abgehärteter, wetterunempfindl. Mensch, bes. Junge; Draufgänger	5120
in einem fort kichernd lachen	5560
der Vogel Fringilla montifringilla	4210
wilde Kirsche (Prunus avium)	3110
FlN in KU-Glmünchw	8140
lieblich, schön	5210
Seebinse	3600
ein an Butzeln reiches Jahr	9600
Andruckfläche für die Schneide der Lederstanzmaschine	7540
nach Eßbarem verlangend	5910
steifes, struppiges Haar des Menschen	5210
Strohwisch	7450
die Hafersorte Avena nuda	3330
aufreizende Neckerei, Uzerei	7220
eine Art Eidechse, Salamander, Molch?	4400
die Haut abziehen	7565
etwas als unvermeidlich hinnehmen	6260
ein Kinderspiel mit dem Bindfaden	7360
im rechten Winkel zueinander stehend	9220
durch Augenblinzeln ein Zeichen geben	5510
existieren, vorhanden sein, anwesend sein	9100
annähen	7545
heimlich verkaufen, vertauschen, verhandeln	7600
abgewinnen	6430
FlN (Gewanne an einer noch bestehenden oder ehemeligen Lehmgrube	8140
hinüberfahren	7820
Öl, mit dem die Brote bestrichen wurden	7560
Mensch mit dünnem Aussehen, hagerem Gesicht	5124
Hundehütte	4030
Kellerassel	4700
Gliederpuppe	7360
an einen Baumstamm anbinden	5520
Spiel der Kinder mit Ostereiern	7360
wer in der Kohlengrube Kohle bricht	7525
sich (trotz guter Pflege) im Wachstum schlecht entwickelnbes. von Pflanzen	3020
Wäsche mit Stärke steifen	7770
roh bearbeiten, zurichten, für die Endbearbeitung vorbereiten	7500
Verwirrung, Durcheinander anrichten, Zerwürfnis hervorrufen	9320
Bügel an der Sense, der in den Sensenwurf eingreift	7402
ungleich geschnittene Haare	5940
einpacken	9315
Heiz-, Stubenofen	7750
Holzgerüst, auf dem der Pflug befördert wird	7404
nasse Stelle einer Wiese	2600
Stelle, wo sich vier Herrschaftsgebiete berühren	8160
sehr lang (von der Körpergröße)	5210
Kuchen zum Taufschmaus	5911
Besitzer eines bäuerlichen Anwesens	7400
Sparbuch	7600
Schallwort, das Bellen des Hundes nachahmend	1220
mit Farbe überstreichen	7590
zu einer Rolle formen, sich kugeln	9220
schmutzige, nachlässige weibliche Person	6134
militärischer Gruß	8500
Hüpfmaus	4120
langsam und in kleinen Mengen essen (trinken)	5910
schwarzbraune Rückstände beim Zerlassen der Butter	5910
Teig, der am Abend vor dem Backen angesetzt wird	7560
abschwatzen	5360
Nagel, der durch den Schemel des Wagens geht	7403
was in eine hohle Hand hineingeht	9350
die Glockenblume (Campanula rotundifolia)	3500
schmutzige, liederliche weibliche Person (auch derbes Schimpfwort)	6134
begatten, vom Geflügel und von Vögeln	4200
Obstbaumzuchtanlage	7480
Honig von Waldblüten	7460
bleiches Gesicht	5210
Därme für die Griebenwurst	7565
bildliches Abzeichen, Wappenschild	7595
eine Flüssigkeit auf etwas schütten	7740
X-beiniger Mensch	5120
aus dem Busch kommende böse Wesen	7350
verwandtschaftlich entfernt	7100
kleines Äckerchen	7420
Neckwort für den Spieler, der alles verloren hat	7380
die große süße Bühler Zwetschge	3120
mit Steinen gefüllte Bodensenke	2800
Förster eines Forstbezirks	7550
Mieder	5934
das Klären des Weins	7470
dummer, einfältiger Mensch	6117
Soße aus süßem Kerbel	5911
Grundstück in der Allmende	7420
weibliche Person, die über ihre Verhältnisse lebt	6130
Schimpfwort für eine Rothaarige	5160
vollständig, ganz	9400
Tadel, Zurechtweisung	6333
geschwollene Wange, bes. infolge von Zahnentzündung	5700
verspotten	7220
der Lehrer	8400
krumm in die Höhe gestellter Schwanz der Kuh	4111
schlampiges Weib	6134
Decke aus Schnee	2200
Gott	8800
genau erklären, auseinandersetzen	7200
Kammer zur Aufbewahrung von Speisen	7720
das Dach decken	7710
berühren (mit der Hand)	5520
mit Potten behaftet	5700
verraten, anzeigen	8230
kleine spitze Hacke zum Entfernen der Erde um die Rebstöcke	7470
vom Rande her einen Riß bekommen	9130
Gemüse aus Kohlart mit krausen Blättern (Brassica var. acephala)	5911
mit langer Nase	5210
magere männliche Person	5144
Streichholzkopf	7750
knallartig, ungestüm, übereilt	5570
sich abstützen bei Ermüdung (vom Körper)	5500
Gesichtsfleck, an eine verschmutzte Windel erinnernd	5210
sich verzögern	9600
weiße Wurzelausläufer der Quecken	3900
vom Ruf des Truthahns	4240
über etwas befindlich	9500
Grund-zins	8220
Handfeger	7736
Fruchtzapfen nur der Tanne	3110
niedriger schrauben (vom Lampendocht)	7760
der mit weit ausgestreckten Beinen über das Wasser gleitende Wasserläufer	4700
vorauslaufen	5533
eine stattliche Frau	5160
Rechnung, Steuerbescheid	7600
Kirchenältester	8870
Kaffeekanne des Arbeiters	7735
Weinbau betreibende Vorderpfalz	8160
mehr als nötig verbrauchen, bes. vom Nähgarn	7545
wirtschaftlich in die Höhe kommen, etwas erringen, erwerben	7600
zum Besten halten	7220
Jungfrau Maria	8820
bescheiden, scheu, ängstlich	6280
mit Flachs bestellt	7490
Sprosse an der Leiter des Bauernwagens	7403
Herzklopfen	5320
durch Schmieren aufbrauchen	9400
wer seinen Teller nicht leer ißt	5910
im Galopp auf die Seite des Sprechers kommen	4112
in der späteren Jahreszeit geborene Ziege	4115
Weiher im oder beim Dorf	2600
wer oft prügelt	6112
Begleiter eines Fuhrwerks	7403
